"feature","sample1","sample2","sample3","sample4","sample5","sample6","sample7","sample8","sample9","sample10","sample11","sample12","sample13","sample14","sample15","sample16","sample17","sample18","sample19","sample20","sample21","sample22","sample23","sample24","sample25","sample26","sample27","sample28","sample29","sample30","sample31","sample32","sample33","sample34","sample35","sample36","sample37","sample38","sample39","sample40","sample41","sample42","sample43","sample44","sample45","sample46","sample47","sample48","sample49","sample50","sample51","sample52","sample53","sample54","sample55","sample56","sample57","sample58","sample59","sample60","sample61","sample62","sample63","sample64","sample65","sample66","sample67","sample68","sample69","sample70","sample71","sample72","sample73","sample74","sample75","sample76","sample77","sample78","sample79","sample80","sample81","sample82","sample83","sample84","sample85","sample86","sample87","sample88","sample89","sample90","sample91","sample92","sample93","sample94","sample95","sample96","sample97","sample98","sample99","sample100","sample101","sample102","sample103","sample104","sample105","sample106","sample107","sample108","sample109","sample110","sample111","sample112","sample113","sample114","sample115","sample116","sample117","sample118","sample119","sample120","sample121","sample122","sample123","sample124","sample125","sample126","sample127","sample128","sample129"
"SM d18:1 N14:1","1.44","1.359","1.035","0.398","1.138","0.707","0.83","1.395","0.548","2.409","2.26","0.666","0.857","0.985","1.579","0.91","0.312","0.521","0.6","1.15","0.426","0.973","0.89","0.674","0.83","1.62","1.201","1.18","0.556","0.637","0.54","1.116","0.51","0.829","0.842","1.032","0.854","0.597","1.271","1.519","0.961","0.547","0.721","1.191","1.083","0.658","1.032","0.486","0.717","0.447","0.649","0.737","1.697","1.069","1.492","0.823","0.796","1.832","1.522","0.603","1.166","1.488","0.772","0.847","1.571","1.442","1.325","1.02","0.518","0.511","0.992","0.975","1.739","0.926","2.107","1.052","1.862","0.631","0.893","1.438","1.127","0.758","0.359","1.1","0.554","0.765","1.299","0.823","0.616","1.175","1.426","0.871","1.021","0.596","2.547","1.128","0.567","1.812","0.652","1.376","1.106","1.201","0.61","2","1.461","2.566","0.325","1.129","0.597","0.694","0.825","0.636","0.665","1.316","0.985","0.633","0.596","0.82","0.987","0.511","0.514","0.5","0.734","0.727","0.879","0.965","0.645","0.638","0.806"
"SM d18:1 N14:0","1.088","0.934","1.017","0.519","1.273","1.066","0.76","1.542","0.524","2.595","1.499","0.758","0.827","0.924","1.93","0.916","0.467","0.538","0.687","0.987","0.543","0.95","0.897","0.819","0.85","1.861","1.687","0.914","0.56","0.85","0.766","0.766","0.61","1.182","1.233","0.714","1.03","0.96","1.266","1.174","1.082","0.786","0.762","0.714","1.105","0.767","1.024","0.66","0.69","0.404","0.617","0.638","1.795","1.064","1.297","0.826","1.006","2.252","1.921","0.788","1.475","1.418","0.703","0.784","1.511","1.706","1.577","1.048","0.61","0.492","1.024","0.78","1.645","0.888","1.722","0.751","1.738","0.722","1.023","1.225","1.248","0.763","0.471","1.386","1.105","1.048","1.368","0.867","0.778","0.807","1.206","0.895","0.985","0.645","2.516","0.801","0.671","1.623","0.528","1.455","1.022","1.368","0.735","1.75","1.245","1.664","0.489","0.942","0.731","0.579","0.864","0.846","0.814","1.116","0.964","0.783","0.502","0.813","0.941","0.467","0.769","0.672","0.815","0.931","1.259","0.978","0.841","0.728","1.044"
"SM d18:1 N16:1","1.142","0.898","1.032","0.695","1.226","1.119","1.076","1.434","0.647","1.044","1.471","1.016","0.919","0.932","1.414","1.32","0.88","0.873","0.7","1.371","0.76","1.002","0.847","0.847","0.869","1.571","1.27","0.926","0.774","0.813","0.723","1.005","0.501","1.007","1.059","0.861","0.888","1.098","1.803","1.175","1.231","0.99","1.068","1.074","1.215","0.658","1.2","0.695","0.733","0.407","0.921","0.946","1.537","1.177","1.784","0.916","0.918","1.941","1.397","0.607","1.664","1.386","0.99","0.7","1.351","1.651","1.306","0.817","0.524","0.835","1.036","0.734","1.202","0.873","1.682","0.89","2.301","0.853","0.987","1.288","1.256","0.975","0.372","1.191","0.82","0.899","1.195","0.866","1.042","0.898","0.994","0.94","0.832","0.806","2.471","0.941","0.976","1.827","0.579","1.047","0.96","1.051","0.735","1.496","1.382","1.763","0.719","1.201","0.388","0.749","0.822","0.511","0.782","1.068","0.884","0.685","0.752","0.911","1.182","0.668","0.604","0.718","0.843","1.024","1.332","1.162","1.078","0.658","0.827"
"SM d18:1 N16:0","0.883","0.875","0.952","0.778","1.159","1.133","1","1.095","0.703","1.227","1.192","0.994","0.944","0.972","1.286","1.134","1.075","0.916","0.659","1.276","0.829","0.988","0.876","1.03","0.943","1.253","1.356","0.84","0.869","1.029","0.859","0.951","0.63","1","1.21","0.918","0.995","1.147","1.466","1.014","1.185","0.985","1.277","0.83","1.206","0.774","1.151","0.845","0.721","0.495","0.93","0.978","1.358","1.131","1.449","1.017","1.009","1.362","1.207","0.743","1.126","1.201","1.045","0.743","1.249","1.641","1.041","0.77","0.597","0.775","0.997","0.788","1.015","0.98","1.26","0.87","1.559","1.064","0.862","1.112","1.167","0.934","0.646","1.133","1.116","0.814","1.175","0.95","1.043","0.954","0.991","0.918","0.814","0.728","1.995","0.814","1.032","1.417","0.656","1.019","0.918","1.149","0.851","1.123","1.064","1.111","0.718","1.122","0.523","0.779","0.885","0.632","0.882","1.088","0.995","0.754","0.703","1.007","1.007","0.67","0.819","0.782","0.754","0.976","1.193","0.966","1.134","0.723","0.914"
"SM d18:1 N18:1","1.184","1.057","0.838","0.923","1.075","1.062","0.902","1.058","0.725","0.903","1.01","0.91","1.089","0.867","1.221","1.446","0.677","1.028","0.787","1.405","1.057","1.275","0.93","0.845","0.902","1.255","1.203","1.106","0.919","0.649","0.813","1.092","0.502","0.844","0.866","0.929","0.851","1.04","2.018","1.023","1.189","0.915","1.041","0.978","1.401","0.663","1.64","0.923","0.699","0.42","0.887","1.05","1.143","1.016","1.252","1.207","1.012","1.149","0.961","0.751","1.194","1.009","0.635","0.676","1.514","1.427","0.865","0.807","0.552","0.846","1.069","0.766","1.298","1.017","1.246","0.968","1.608","0.958","0.906","1.288","1.086","0.778","0.359","1.034","0.517","0.755","1.306","1.014","1.25","1.077","0.992","0.882","0.75","0.72","2.193","0.863","0.892","1.749","0.722","1.094","0.729","1.267","0.717","1.308","1.592","1.465","0.907","1.861","0.454","0.779","0.856","0.477","0.656","1.143","0.905","0.609","0.897","1.065","0.876","0.55","0.57","0.591","0.849","0.925","0.944","0.9","1.115","0.742","0.825"
"SM d18:1 N18:0","0.916","0.983","0.913","1.027","1.03","1.15","0.914","1.041","0.83","1.228","0.916","0.944","1.059","0.896","1.245","1.242","0.846","0.946","0.839","0.958","1.091","1.225","0.948","0.98","0.98","1.141","1.198","0.965","0.936","0.823","0.924","1.079","0.714","0.918","1.077","0.836","0.926","1.089","1.451","0.932","1.179","0.908","1.006","0.798","1.297","0.782","1.528","1.036","0.783","0.59","0.87","0.878","1.344","1.007","1.067","1.087","1.063","1.035","1.072","0.91","0.967","1.003","0.617","0.827","1.282","1.163","1.067","0.896","0.706","0.795","1.013","0.823","1.129","1.061","1.176","0.928","1.321","0.962","0.972","1.052","0.994","0.872","0.667","1.075","0.895","0.878","1.247","0.989","1.17","0.929","1.002","0.984","0.904","0.765","1.776","0.832","0.962","1.376","0.775","1.037","0.868","1.235","0.902","1.142","1.341","1.075","0.88","1.584","0.577","0.827","0.93","0.745","0.832","1.051","0.966","0.804","0.816","0.998","0.914","0.66","0.781","0.817","0.882","0.918","1.052","0.864","1.253","0.889","0.926"
"SM d18:1 N20:0","0.846","0.898","1.017","0.572","1.045","1.566","0.95","1.358","0.719","1.769","1.179","0.965","0.878","0.828","1.852","1.298","0.744","0.646","0.722","0.849","0.55","1.266","0.897","0.868","0.969","1.247","1.463","0.963","0.761","0.666","0.78","0.781","0.597","0.979","1.15","0.859","1.145","1.027","1.466","1.21","1.093","0.93","1.072","0.769","1.145","0.669","1.297","0.848","0.798","0.465","0.76","0.879","1.584","1.204","1.444","1.07","1.173","1.541","1.377","0.914","1.054","1.164","0.465","0.864","1.474","1.671","1.513","0.944","0.579","0.543","0.813","0.573","1.407","1.034","1.603","0.876","1.635","1.009","1.03","1.149","1.129","1.145","0.626","1.188","0.685","1.093","1.431","0.958","1.162","0.91","1.207","0.812","1.004","0.669","2.296","0.943","0.928","1.301","0.525","1.429","1.184","1.345","0.851","1.561","1.415","1.353","0.61","1.185","0.406","0.703","0.883","0.798","1.055","1.345","0.77","0.783","0.539","0.759","0.785","0.388","0.874","0.522","0.708","1.097","1.447","0.965","1.337","0.918","0.947"
"SM d18:1 N24:1","0.837","0.907","1.003","0.764","1.042","1.007","0.956","1.136","0.685","1.26","1.289","1.008","1.033","0.934","1.462","1.304","0.943","1.008","0.567","1.447","0.712","1.062","0.843","1.133","0.785","1.195","1.305","0.862","0.94","1.039","0.874","1.066","0.698","1.03","1.258","0.869","0.948","1.267","1.646","0.884","1.324","0.932","1.259","0.803","1.316","0.665","1.496","0.823","0.553","0.415","0.877","0.633","1.581","1.114","1.466","0.915","1.046","1.565","1.509","0.579","1.164","1.269","0.903","0.775","1.18","1.584","1.049","0.709","0.482","0.73","0.894","0.698","0.818","1.201","1.374","0.696","2.265","1.016","0.915","0.981","1.048","0.926","0.643","1.263","0.837","0.634","1.066","0.999","1.079","1.045","0.993","0.967","0.937","0.704","2.7","0.904","1.073","1.823","0.63","1.095","1.01","1.238","0.756","1.223","1.201","1.902","0.705","1.317","0.441","0.779","0.811","0.596","0.772","1.034","0.918","0.669","0.677","1.144","1.157","0.53","0.689","0.796","0.704","0.865","1.038","0.831","1.3","0.693","0.71"
"SM d18:1 N22:0","0.787","0.791","0.838","0.613","1.053","1.616","1.246","1.24","0.755","1.309","1.216","1.073","0.701","0.894","1.918","1.538","1.399","0.606","0.674","1.148","0.645","1.26","0.841","1.003","1.026","1.128","1.736","0.942","0.671","0.599","0.674","0.715","0.546","1.263","1.28","0.924","1.065","1.003","1.519","0.949","1.041","1.017","1.25","0.79","1.091","0.614","1.325","0.912","0.772","0.362","0.839","0.826","1.827","1.23","1.915","1.215","1.095","1.744","1.481","0.763","1.095","1.308","0.659","0.879","1.388","1.574","1.39","0.78","0.539","0.687","0.822","0.665","0.959","0.957","1.78","0.828","2.144","1.104","0.796","0.993","1.092","1.257","0.676","1.052","0.694","0.913","1.317","0.807","1.156","1.142","0.991","0.845","0.917","0.699","2.142","0.929","1.019","1.154","0.683","1.106","1.199","1.529","0.977","1.281","1.306","1.286","0.793","1.207","0.294","0.884","0.751","0.541","1.193","1.176","0.898","0.794","0.622","0.687","0.96","0.555","0.885","0.742","0.803","1.092","1.497","1.023","1.292","0.755","0.851"
"SM d18:1 N25:1","0.833","1.255","1.079","0.912","1.309","0.995","0.78","1.051","0.783","0.912","1.098","0.76","0.966","1.238","1.514","1.433","0.544","1.038","0.565","1.095","0.926","1.244","1.136","1.107","0.794","1.202","1.641","0.947","0.939","1.03","1.016","1.299","0.997","0.712","1.477","0.598","1.37","0.993","1.535","1.131","1.514","0.854","1.329","0.542","1.469","0.954","1.78","0.969","0.713","0.629","0.75","0.758","1.658","1.1","1.114","0.991","1.737","1.937","1.516","0.609","1.369","1.52","0.7","0.991","1.437","1.758","1.029","0.967","0.517","0.461","1.157","0.743","1.266","0.895","1.141","0.642","1.524","1.103","0.784","1.121","0.851","0.741","0.557","1.276","0.812","0.684","1.106","1.214","1.146","0.697","1.102","1.097","0.902","0.693","3.034","0.903","0.941","1.472","0.65","0.915","0.902","0.954","0.591","1.119","1.359","1.411","0.625","1.819","0.623","0.609","0.799","0.995","0.55","0.851","0.945","0.716","0.575","1.014","0.993","0.591","0.572","0.555","0.87","0.62","1.068","0.546","0.887","0.817","1.008"
"SM d18:1 N23:0","0.81","0.938","0.857","0.624","1.009","1.282","1.151","1.323","0.802","1.029","1.284","0.957","0.672","0.978","2.097","1.413","0.872","0.693","0.671","1.338","0.649","1.415","1.051","0.97","1.089","1.313","1.817","1.005","0.681","0.638","0.682","0.694","0.545","1.063","1.034","0.767","1.128","0.964","1.665","1.053","1.125","0.953","1.236","0.781","0.983","0.646","1.333","0.884","0.816","0.443","0.9","0.855","1.734","1.027","1.671","1.214","1.383","1.818","1.447","0.829","1.163","1.303","0.567","0.95","1.497","1.835","1.453","0.754","0.526","0.573","0.892","0.688","1.107","1.008","1.817","0.764","2.262","1.126","0.673","1.051","1.12","1.629","0.564","1.041","0.63","0.884","1.364","0.855","1.082","1.14","1.032","0.886","1.045","0.763","2.235","0.977","0.885","1.13","0.54","1.12","1.192","1.679","0.827","1.209","1.324","1.308","0.756","1.254","0.34","0.813","0.777","0.692","1.048","1.041","0.906","0.775","0.618","0.604","1.004","0.508","0.803","0.655","0.967","0.985","1.2","0.833","1.128","0.756","0.916"
"SM d18:1 N24:0","0.764","0.706","0.815","0.595","1.009","1.378","1.172","1.135","0.794","1.007","1.228","0.966","0.735","0.954","1.933","1.449","1.322","0.692","0.732","1.317","0.492","1.143","0.82","1.08","0.948","1.045","1.584","0.923","0.697","0.754","0.75","0.731","0.543","1.282","1.379","0.92","0.939","1.096","1.46","0.804","1.135","1.024","1.273","0.691","1.073","0.613","1.167","0.815","0.627","0.359","0.828","0.775","1.939","1.181","1.798","1.192","1.157","1.751","1.44","0.747","1.131","1.393","0.797","0.94","1.239","1.538","1.284","0.709","0.504","0.617","0.721","0.58","0.694","1.042","1.898","0.747","2.387","1.148","0.849","0.849","1.017","1.355","0.635","1.092","0.717","0.755","1.213","0.781","1.133","1.051","0.983","0.808","0.956","0.715","2.372","1.005","1.017","1.268","0.661","1.03","1.21","1.664","0.992","1.266","1.126","1.414","0.824","1.1","0.285","0.908","0.665","0.524","1.132","1.091","0.873","0.757","0.57","0.644","1.031","0.591","0.937","0.853","0.814","1.121","1.472","1.055","1.472","0.708","0.803"
"SM d18:0 N16:0","0.824","0.991","1.102","0.835","1.08","1.022","1.219","1.316","0.931","1.291","1.172","0.878","0.878","0.853","1.302","1.143","1.18","0.885","0.689","1.349","0.736","1.243","0.999","1.002","0.829","1.345","1.429","0.797","0.885","0.986","0.733","0.959","0.877","0.968","0.946","1.14","0.911","1.125","1.401","0.898","1.032","0.817","1.398","0.731","1.202","0.847","1.192","0.834","0.963","0.525","1.003","1.08","1.284","0.977","1.117","1.052","1.247","1.14","1.192","0.689","1.026","1.223","0.826","0.851","1.053","1.316","0.44","0.713","0.683","0.793","1.146","0.675","1.083","0.925","1.541","0.83","1.465","1.213","0.804","1.042","1.162","1.117","0.797","0.968","1.35","0.796","0.922","0.763","1.122","0.685","0.96","0.978","0.824","0.847","1.594","0.894","0.93","1.414","0.731","0.822","1.004","1.474","1.011","0.856","1.045","1.256","0.752","1.261","0.534","0.771","1.101","0.672","0.829","0.906","1.039","0.747","0.634","1.011","1.053","0.716","0.993","1.012","1.031","0.872","1.184","0.884","1.278","0.834","0.991"
"SM d18:0 N17:0","0.974","0.912","1.048","1.011","1.122","1.056","1.014","1.048","0.956","1.038","0.958","0.975","0.959","0.96","1.019","1.01","0.98","1.01","0.913","0.986","0.888","1.01","0.971","1.115","0.97","1.068","0.95","0.983","1.036","1","0.982","0.966","0.955","0.951","0.996","0.939","0.969","0.985","1.03","0.924","1.058","0.987","0.999","1.013","1.028","0.982","1.055","0.953","0.93","0.933","1.016","0.938","1.151","1.017","1.137","0.984","1.088","1.147","1.139","0.925","1.21","1.089","0.941","1.005","1.008","0.952","1.104","0.972","0.855","0.944","0.944","0.993","1.034","1.021","1.148","0.985","1.174","1.028","1.001","1.022","1.058","1.04","0.987","1.01","1.146","0.994","0.993","0.991","0.993","0.88","0.966","1.037","1.021","0.953","1.095","0.964","1.024","1.111","0.946","0.952","1.031","0.942","1.033","1.107","1.007","1.008","0.994","1.062","0.871","1.011","1.044","1.031","1.01","1.004","1.054","1.017","0.969","0.909","0.998","0.946","0.891","1.081","1.017","0.993","1.089","1.04","1.036","0.954","0.959"
"Cer d18:1 N16:0","0.772","1.3","1.034","0.635","1.094","0.906","0.937","1.204","0.761","1.187","1.009","0.928","0.879","0.954","1.688","1.159","0.795","0.571","0.545","0.981","0.807","0.959","0.88","0.97","0.842","1.361","1.513","0.769","1.044","1.39","1.129","1.051","0.624","0.989","1.185","1.337","1.169","1.303","1.505","1.435","1.227","1.08","1.389","1.024","1.245","1.065","1.252","0.808","0.799","0.388","0.906","0.865","1.611","0.902","1.758","0.912","0.859","0.998","1.088","0.618","1.885","0.915","0.768","0.854","1.259","1.3","2.611","1.138","0.542","0.962","1.128","0.863","1.177","0.996","1.636","0.825","2.258","0.872","1.238","1.326","1.555","1.004","0.411","1.351","1.827","0.914","1.143","0.979","1.171","0.849","0.901","0.809","0.89","0.628","1.932","0.66","0.797","1.039","0.703","0.848","0.773","1.527","0.937","1.125","0.895","1.628","0.66","1.118","0.42","0.86","1.054","0.721","0.899","1.783","0.98","0.898","0.847","0.984","1.016","0.529","0.91","0.926","0.76","0.881","1.272","1.035","1.187","0.604","0.896"
"Cer d18:1 N18:0","0.614","1.545","0.828","1.018","0.608","0.803","0.578","1.304","0.573","0.851","0.662","0.623","1.257","0.949","1.352","1.514","0.586","0.583","0.87","1.032","1.596","1.501","1.218","1.054","0.945","1.051","1.517","1.116","0.892","1.477","0.9","1.607","0.577","0.866","0.839","0.99","0.723","1.22","1.572","1.068","1.135","0.667","0.97","0.634","1.563","1.2","1.985","1.244","0.747","0.441","0.926","0.738","3.009","0.918","1.694","0.901","0.863","1.167","1.409","0.949","2.442","0.702","0.553","0.987","1.992","1.353","3.175","1.259","0.793","0.803","0.996","1.031","1.249","1.03","1.736","0.885","3.124","0.781","1.234","1.287","1.111","0.869","0.334","1.127","0.961","0.861","1.225","0.803","1.394","1.229","0.863","0.889","1.043","0.63","3.283","0.564","0.658","1.114","0.664","1.085","0.537","1.998","1.006","1.142","1.705","2.827","0.875","2.207","0.439","0.939","1.024","0.683","0.692","1.463","1.141","0.778","1.071","1.359","0.637","0.345","0.775","0.744","0.815","0.664","0.796","0.668","1.549","0.694","0.863"
"Cer d18:1 N22:0","0.562","1.173","0.87","0.561","1.005","1.358","0.905","1.608","0.57","1.026","0.987","1.415","0.612","0.924","3.148","1.262","1.187","0.54","0.714","0.895","0.817","0.943","0.683","1.406","1.006","1.036","1.769","0.803","0.793","1.079","1.181","0.995","0.38","0.88","1.023","0.905","1.094","1.105","1.159","1.539","1.105","1.058","1.294","0.734","1.153","0.782","1.122","0.825","0.931","0.315","0.973","0.882","2.56","0.954","2.534","0.815","0.964","1.414","1.366","0.97","2.468","1.151","0.871","1.218","2.346","1.621","4.119","1.398","0.447","0.894","1.115","0.84","1.348","0.931","1.873","0.964","2.573","0.998","1.051","1.41","1.481","1.067","0.481","1.319","0.597","0.866","1.292","0.542","1.477","1.321","0.712","0.712","0.931","0.589","2.306","0.583","0.759","0.736","0.681","0.937","0.908","1.123","1.046","1.248","1.343","2.023","0.821","1.1","0.181","0.827","0.935","0.386","1.054","1.515","0.864","0.909","0.909","0.8","0.819","0.485","0.639","0.586","0.901","0.957","1.229","1.275","1.512","0.729","0.691"
"Cer d18:1 N23:0","0.623","1.149","0.925","0.605","0.678","1.095","0.845","1.326","0.632","1.423","1.417","1.197","0.465","0.85","3.631","0.988","0.488","0.64","0.661","1.226","0.74","1.087","0.852","1.486","1.092","1.313","1.688","0.892","0.781","0.887","1.122","0.7","0.426","0.772","0.835","0.769","1.022","1.178","1.172","1.71","1.115","1.028","1.464","0.936","1.171","0.722","1.068","0.723","1.239","0.389","1","0.836","2.179","0.947","2.122","0.773","1.404","1.563","1.441","1.079","1.508","1.23","0.831","1.008","2.483","1.794","3.366","1.343","0.408","0.856","1.439","0.95","1.984","0.8","2.153","1.065","3.307","1.019","1.042","1.626","1.878","1.434","0.387","1.244","0.579","1.006","1.227","0.526","1.375","1.185","0.756","0.797","1.063","0.627","2.42","0.659","0.745","0.868","0.537","0.967","1.111","1.15","1.011","1.502","1.264","2.037","0.804","0.991","0.268","0.748","1.032","0.592","0.998","1.495","0.856","1.079","0.82","0.684","0.971","0.39","0.471","0.44","1.199","0.975","0.875","0.914","1.042","0.915","0.889"
"Cer d18:1 N24:0","0.552","0.944","0.804","0.523","0.883","1.238","0.917","1.508","0.587","1.302","1.235","1.246","0.523","0.853","4.016","1.317","0.888","0.5","0.726","0.97","0.473","0.909","0.606","1.691","0.933","1.093","1.644","0.966","0.623","0.753","1.169","0.751","0.435","1.314","1.419","0.933","1.16","1.323","1.312","1.411","1.066","0.953","1.29","0.833","1.24","0.616","0.896","0.589","0.884","0.309","0.789","0.655","2.983","0.993","2.737","0.657","0.994","1.952","1.685","0.795","1.264","1.42","1.014","1.022","1.624","1.657","3.896","1.363","0.389","0.786","1.022","0.657","1.334","0.815","2.51","0.861","4.46","1.087","1.255","1.349","1.642","1.147","0.369","1.28","0.671","0.956","1.143","0.517","1.388","1.082","0.826","0.71","1.104","0.5","2.854","0.658","1.018","0.936","0.677","0.911","1.267","1.052","1.074","1.836","1.188","2.473","0.756","0.943","0.203","0.737","0.794","0.388","1.128","1.612","0.799","0.977","0.758","0.648","1.098","0.503","0.453","0.477","0.842","1.138","1.476","1.33","1.205","0.741","0.641"
"Cer d18:1 N25:0","0.634","1.106","1.084","0.527","0.676","0.834","0.994","1.412","0.534","1.027","1.616","0.868","0.446","0.714","3.793","1.218","0.315","0.536","0.581","1.397","0.765","1.094","0.724","1.395","0.919","1.092","1.515","0.751","0.67","0.801","1.05","0.719","0.437","0.9","1.135","0.98","1.054","1.068","2.39","1.696","1.112","0.668","1.117","0.754","1.281","0.846","1.158","0.717","0.827","0.533","0.847","0.612","2.512","0.817","2.131","0.939","1.746","2.603","1.877","0.888","1.232","1.227","0.835","0.76","1.71","2.405","2.644","1.101","0.353","0.57","1.482","0.664","1.47","1.067","2.789","0.855","2.987","1.151","1.018","1.873","1.675","2.29","0.227","1.278","0.551","0.706","1.111","0.609","1.111","1.13","0.997","0.802","1.43","0.614","2.682","0.745","0.882","1.142","0.576","0.819","0.954","0.917","0.784","1.311","1.276","2.152","0.557","1.314","0.288","0.501","1.063","0.915","0.623","1.035","1.15","0.619","0.487","0.611","0.917","0.461","0.402","0.564","1.01","0.704","0.96","0.842","1.14","0.932","0.83"
"Cer d18:1 N26:0","0.598","0.836","1.02","0.422","0.889","1.084","0.85","1.573","0.65","0.79","1.227","0.836","0.844","0.85","2.557","1.154","0.483","0.554","0.664","1.146","0.816","0.978","0.923","1.3","0.904","1.281","1.431","0.803","0.652","0.64","0.989","0.773","0.577","0.948","1.115","0.876","1.209","1.166","2.491","1.683","1.097","0.886","1.194","0.598","1.161","1.573","1.136","0.674","0.776","0.494","0.789","0.59","2.55","0.86","2.033","0.901","1.387","2.604","1.859","0.641","1.267","1.742","1.075","1.062","1.316","1.149","2.306","0.961","0.313","0.546","1.226","0.612","0.991","0.844","2.336","0.688","3.231","0.956","1.16","1.696","1.561","2.103","0.286","1.617","0.652","0.88","1.263","0.597","1.341","1.177","1.136","0.877","1.061","0.832","3.936","0.966","0.916","1.317","0.651","0.96","0.733","0.936","0.754","1.18","1.327","2.072","0.593","1.866","0.286","0.68","0.987","0.888","0.918","1.326","0.974","0.722","0.351","0.807","0.964","0.755","0.515","0.587","1.082","0.814","1.175","1.147","1.14","0.637","0.969"
"sphingosine","1.494","1.207","0.985","2.966","1.129","0.749","0.983","0.916","0.86","0.734","0.92","0.863","0.813","1.534","1.362","0.764","0.882","1.147","1.101","1.052","3.448","1.116","0.73","0.697","1.46","0.893","1.068","0.79","0.792","0.732","1.069","0.877","0.813","1.241","0.94","0.826","0.656","0.814","0.878","0.857","1.489","0.65","0.918","0.749","1.161","1.037","0.82","0.746","1.066","0.627","1.143","0.705","0.826","1.095","0.946","1.004","1.065","0.855","0.797","1.095","0.843","0.814","0.869","0.858","1.045","0.974","0.807","0.79","0.792","0.798","0.688","0.772","0.972","0.829","1.055","0.581","0.795","1.068","0.682","1.033","1.161","0.727","0.849","0.857","1.249","0.732","1.752","1.578","1.248","0.519","0.659","0.851","1.054","0.927","1.048","0.786","0.975","0.947","1.416","0.892","1.033","1.261","1.061","0.901","0.809","0.921","0.839","0.747","0.584","1.223","1.181","1.159","1.501","1.41","0.807","1.006","0.812","0.986","0.972","0.718","3.408","0.791","0.796","0.635","0.661","0.519","0.772","0.847","0.99"
"sphinganine","1.419","1.067","1.054","1.615","0.906","0.788","1.363","0.985","0.796","0.987","0.95","0.913","0.904","1.863","1.671","0.962","1.319","1.01","1.262","1.2","2.094","0.979","0.587","0.731","1.4","0.846","1.106","1.298","0.806","0.783","0.929","0.806","0.702","0.94","0.887","1.138","0.617","1.173","1.317","0.617","1.592","0.662","1.246","0.815","1.233","0.881","0.858","0.671","2.16","0.737","1.144","0.562","0.696","1.978","0.696","1.222","0.836","0.65","1.06","1.338","0.914","1.026","0.506","0.84","1.13","1.038","0.782","0.76","0.676","0.79","0.684","0.57","1.074","1.006","1.548","0.492","0.79","0.897","0.786","0.944","1.23","0.92","1.232","1.27","1.059","0.81","1.756","1.338","1.462","0.526","0.847","0.768","0.864","1.005","0.655","0.826","0.669","0.789","0.988","0.69","0.986","1.629","1.087","1.061","0.772","0.8","0.774","0.781","0.552","0.533","1.007","1.181","0.941","1.433","0.778","0.852","0.626","1.274","0.93","0.944","1.97","0.459","0.526","0.37","0.956","0.722","1.441","0.763","0.981"
"S-1-P","1.122","0.901","0.582","1.163","0.854","0.612","0.93","0.827","0.576","0.795","1.039","1.244","0.938","1.342","1.309","0.728","0.911","1.106","1.062","0.797","1.648","0.872","0.599","1.171","1.231","0.912","1.446","0.839","0.988","0.89","1.227","1.043","0.77","1.943","1.489","0.924","0.874","1.098","1.14","1.009","1.836","0.944","1.306","0.786","1.495","0.783","1.039","0.971","0.65","0.595","0.981","0.744","0.847","1.027","0.83","1.07","1.167","0.814","1.223","0.98","0.854","0.844","1.165","1.059","1.062","1.025","0.727","0.992","0.664","0.668","0.874","0.752","0.648","0.963","0.794","0.639","0.676","1.001","0.648","1.18","0.913","0.659","1.099","0.854","0.547","1.083","1.368","1.403","1.225","0.076","0.573","0.965","0.752","0.841","0.694","0.796","0.755","0.76","1.416","0.804","1.292","0.764","0.781","1.151","0.875","0.713","0.631","0.686","0.516","1.517","1.327","1.219","1.58","1.073","0.931","0.919","0.724","1.284","0.993","0.716","1.502","0.715","0.616","0.716","1.024","0.901","0.631","0.895","0.733"
"S'-1-P","1.529","1.236","1.008","3.035","1.155","0.766","1.006","0.938","0.88","0.751","0.941","0.883","0.832","1.571","1.394","0.782","0.902","1.174","1.127","1.076","3.529","1.142","0.748","0.713","1.494","0.914","1.094","0.808","0.811","0.749","1.094","0.898","0.832","1.27","0.962","0.846","0.671","0.834","0.899","0.877","1.524","0.665","0.94","0.767","1.188","1.061","0.839","0.764","1.091","0.642","1.169","0.844","0.929","1.082","0.816","1.025","1.351","0.901","1.603","1.131","0.858","0.926","1.255","1.298","1.184","1.17","0.662","0.879","0.72","0.719","0.915","0.659","0.801","0.929","0.826","0.679","0.696","0.942","0.738","1.463","0.993","0.714","1.269","0.983","0.547","1.272","1.374","1.731","1.146","0.094","0.506","0.946","0.888","0.952","0.584","0.73","0.735","0.922","1.554","0.748","1.459","0.922","0.686","1.142","0.873","0.753","0.664","0.762","0.606","1.472","1.645","1.37","1.932","1.136","0.994","0.895","0.744","1.235","0.91","0.618","1.515","0.75","0.747","0.657","0.929","0.997","0.667","0.954","0.694"
"Cer-1-P d18:1 N16:0","1.513","2.185","1.405","0.936","1.181","1.027","1.135","0.379","0.513","1.515","1.243","0.795","0.89","1.006","0.773","0.878","0.947","0.954","0.631","1.223","1.034","0.52","1.083","1.342","1.075","1.06","0.739","0.885","1.155","0.828","0.574","0.533","0.732","0.686","0.84","0.613","1.026","1.224","1.36","0.863","0.802","0.84","1.885","0.987","0.759","0.813","0.745","0.629","0.417","0.637","1.133","1.263","1.002","1.133","1.243","1.059","1.125","1.043","1.352","1.086","0.965","0.974","1.163","0.734","1.097","1.29","0.539","1.091","0.968","1.065","0.768","0.652","1.079","0.934","0.711","0.636","1.006","1.045","0.677","0.992","0.831","1.343","1.284","1.067","0.916","0.74","0.949","1.128","0.848","0.167","1.398","1.076","0.813","0.947","1.569","1.168","1.729","0.977","0.657","1.413","0.844","0.511","0.848","0.708","0.726","1.093","1.383","0.829","0.971","1.073","0.906","0.817","1.073","1.024","1.081","1.139","0.985","1.158","1.135","1.369","0.801","0.655","0.862","1.18","1.235","0.815","0.641","1.117","1.391"
"monohexsph","0.927","0.763","0.943","0.717","1.269","0.715","1.237","0.976","0.813","0.985","1.188","1.094","0.902","0.894","1.008","0.951","1.188","1.078","0.822","1.273","0.796","1.029","0.943","1.054","1.094","1.078","1.22","1.041","1.106","1.008","1.033","0.98","0.913","1.645","1.057","1.008","1.143","1.139","1.135","1.216","1.294","0.922","1.086","0.996","1.302","1.029","1.073","1.033","1.045","1.114","0.8","1.154","1.468","1.297","1.241","1.064","1.143","1.232","1.137","0.983","1.201","1.191","1.203","0.914","1.135","1.318","1.004","1.072","0.903","1.052","1.054","1.177","1.15","0.936","1.012","0.641","1.016","0.876","1.394","1.262","1.651","1.445","1.008","1.301","1.184","1.346","1.074","0.931","0.974","0.552","0.935","1.194","1.216","0.932","1.814","1.07","0.998","1.432","0.796","1.109","1.129","1.039","0.744","1.213","1.269","1.874","0.976","0.948","0.692","0.903","0.989","1.002","0.969","1.071","1.174","0.976","0.872","1.031","1.053","0.878","0.86","0.976","1.001","0.814","1.071","1.025","0.743","0.983","0.709"
"monohexcer d18:1 N16:0","1.458","0.578","1.657","0.69","1.407","0.762","0.714","0.532","0.275","1.275","1.157","1.292","0.657","1.057","1.309","0.829","1.246","0.732","0.351","1.339","0.864","0.806","0.515","0.945","1.076","1.373","1.458","1.148","0.805","0.831","1.042","1.682","0.374","1.411","1.178","1.042","0.884","1.148","1.225","0.753","1.25","1.169","1.186","1.038","1.322","1.097","0.985","0.812","0.496","0.375","0.561","0.936","1.327","1.427","1.082","1.146","1.024","1.321","1.314","0.482","0.863","1.52","1.224","0.49","1.716","1.513","0.891","0.877","0.487","1.239","0.828","1.272","1.231","1.345","1.195","0.449","1.597","1.135","0.914","1.144","1.444","1.397","0.639","1.191","1.016","0.843","1.826","0.685","1.272","0.032","0.875","1.011","1.298","0.871","2.889","0.774","0.743","1.53","0.463","1.092","1.213","1.444","0.917","0.96","1.552","1.595","0.666","1.206","0.449","0.727","1.169","0.796","0.814","0.92","1.401","0.625","0.698","1.34","1.223","0.425","0.791","0.704","0.684","0.814","1.024","1.149","0.57","1.203","0.995"
"monohexcer d18:1 N18:0","0.894","0.758","1.311","0.777","1.189","0.584","1.061","0.631","0.516","1.083","0.792","1.311","0.86","1.057","0.708","1.383","0.966","0.784","0.495","1.413","1.314","0.879","0.601","0.922","1.17","1.258","1.83","0.92","0.951","0.833","1.117","1.061","0.533","1.148","0.992","1.061","1.049","1.167","1.564","0.92","1.17","0.913","1.614","0.687","1.614","0.864","1.799","0.951","0.848","0.508","0.996","0.855","0.842","0.782","0.897","0.863","1.123","1.008","0.877","0.709","1.349","0.919","0.634","0.456","1.264","1.192","0.503","0.834","0.622","1.062","0.619","1.083","1.381","1.116","0.812","0.605","1.6","1.095","0.926","1.042","0.865","0.761","0.462","0.79","0.938","0.611","1.89","0.942","1.381","0.148","0.882","0.893","1.15","0.766","2.241","0.64","0.632","1.457","0.584","0.963","0.754","1.366","0.734","0.604","1.172","1.064","0.693","1.23","0.497","0.787","1.015","0.721","0.651","0.897","1.147","0.573","0.841","1.336","0.719","0.488","0.943","0.576","0.519","0.85","0.966","0.886","0.699","0.864","0.808"
"monohexcer d18:1 N20:0","0.67","0.704","1.757","0.67","1.546","0.77","1.312","0.524","0.492","1.128","0.717","1.702","1.243","0.931","0.966","0.824","1.505","0.86","0.396","0.958","0.764","0.642","0.447","0.894","1.587","1.202","1.298","1.339","1.22","0.785","1.028","1.408","0.44","0.815","0.995","0.922","0.991","0.887","1.257","0.769","1.004","1.252","1.803","0.794","1.229","1.335","1.101","1.047","0.631","0.464","0.667","1.011","1.101","0.99","0.991","1.146","1.131","1.131","0.951","0.741","1.199","1.15","0.512","0.427","1.229","1.1","0.499","1.044","0.599","1.324","0.55","1.028","1.207","1.589","0.792","0.648","1.874","1.704","0.796","1.272","1.016","1.262","0.713","0.959","1.02","0.684","1.871","0.81","1.474","0.082","0.893","1.157","1.178","0.863","2.342","0.752","0.729","1.301","0.601","0.885","1.101","1.184","0.738","0.709","1.208","1.172","0.702","0.965","0.434","0.545","1.202","0.799","0.605","0.816","0.873","0.555","0.675","1.238","0.802","0.452","0.796","0.584","0.477","0.966","0.827","0.83","0.673","1.356","0.922"
"monohexcer d18:1 N22:0","0.89","0.691","0.935","0.783","1.558","1.465","1.058","0.516","0.573","0.889","0.77","2.358","0.73","1.27","0.972","0.906","1.841","0.764","0.535","1.255","1.005","0.708","0.472","0.758","1.099","1.1","1.587","1.162","0.9","0.772","0.969","1.027","0.49","1.079","0.952","1.004","0.987","0.978","0.85","0.627","1.106","1.335","1.914","0.778","1.406","1.323","0.812","1.071","0.67","0.439","0.687","0.141","0.154","0.138","0.138","0.16","0.158","1.086","1.176","1.044","1.087","1.15","0.888","1.032","0.907","0.49","1.29","1.327","0.662","0.462","1.256","0.985","0.667","0.932","0.581","1.334","0.66","1.798","0.815","1.356","1.28","1.72","0.82","1.022","1.094","0.841","1.814","0.789","1.331","0.066","0.8","1.128","1.433","1.058","2.276","0.854","0.856","1.177","0.736","1.066","1.372","1.207","0.897","0.512","1.353","0.888","0.998","0.978","0.263","0.625","1.149","0.805","0.934","0.752","0.857","0.625","0.614","0.859","0.936","0.628","0.813","0.481","0.5","0.97","1.043","1.191","0.719","1.458","0.737"
"monohexcer d18:1 N24:0","1.002","0.852","1.449","1.032","2.168","0.946","1.446","0.573","0.639","1.364","0.984","1.408","1.031","1.513","1.159","1.099","1.781","0.831","0.639","1.438","0.746","0.883","0.56","1.177","1.181","1.174","2.299","1.356","1.073","0.909","1.692","1.107","0.639","1.103","1.554","1.073","1.215","1.133","1.032","0.671","1.565","1.401","1.773","1.2","1.986","1.516","1.058","1.412","0.832","0.724","0.816","0.733","1.286","1.195","0.952","1.068","0.938","1.072","0.948","0.517","0.785","1.243","0.834","0.521","1.17","1.105","0.671","0.941","0.55","0.977","0.613","0.988","0.938","1.195","1.076","0.512","1.548","1.095","0.932","1.102","1.3","1.495","0.81","1.092","1.196","0.834","1.54","0.651","1.033","0.076","0.639","1.012","1.37","0.911","2.41","0.838","0.821","1.061","0.511","0.956","1.054","1.147","0.755","0.575","1.304","0.98","0.813","0.67","0.299","0.499","0.993","0.799","0.889","0.692","0.876","0.574","0.604","0.833","0.908","0.515","0.82","0.553","0.643","0.838","0.821","0.923","0.645","1.279","0.563"
"monohexcer d18:1 N24:1","0.797","0.633","1.621","0.84","1.532","0.643","0.679","0.453","0.475","1.18","0.817","1.591","0.916","0.938","0.755","0.78","1.115","0.915","0.349","1.016","0.979","0.699","0.555","0.933","0.693","1.152","1.291","1.185","0.893","0.864","1.111","1.717","0.549","0.909","1.333","0.839","0.738","0.97","0.77","0.632","1.431","0.998","1.098","0.891","1.771","1.495","1.236","0.89","0.662","0.619","0.703","0.657","0.963","0.928","0.733","0.755","0.818","1.031","0.957","0.427","0.909","1.325","0.979","0.484","1.146","0.984","0.459","0.901","0.561","1.207","0.614","1.135","1","1.746","0.814","0.426","1.497","1.328","0.893","1.079","1.16","1.041","0.708","0.989","1.042","0.586","1.57","1.055","1.168","0.071","0.814","1.189","1.195","0.971","2.649","0.702","0.624","1.449","0.632","0.819","0.874","1.098","0.64","0.532","0.992","0.93","0.603","1.023","0.508","0.559","1.186","0.801","0.419","0.551","0.968","0.46","0.559","1.317","1.219","0.551","0.643","0.407","0.508","0.566","0.549","0.689","0.596","1.075","0.634"
"dihexcer d18:1 N16:0","0.759","0.62","0.824","0.632","1.415","1.222","0.779","1.037","0.641","1.094","1.049","1.393","1.119","0.906","1.317","1.615","1.258","0.947","0.468","1.254","1.312","1.08","0.489","0.916","0.776","0.88","1.251","1.198","1.157","1.401","0.764","1.54","0.624","1.071","1.548","0.646","0.779","1.087","1.003","0.663","1.006","1.625","1.512","1.066","1.348","1.504","1.017","1.039","0.615","1.001","1.208","0.816","0.811","0.908","1.123","1.017","0.796","1.148","0.98","0.558","0.721","1.057","0.747","0.578","1.245","1.139","0.788","0.766","0.816","1.066","0.888","0.642","0.855","1.501","0.808","0.665","0.968","1.051","0.467","0.941","0.841","1.09","0.599","0.788","0.976","0.584","1.175","0.844","0.803","0.057","1.016","1.08","0.754","0.749","1.312","0.813","0.756","0.983","0.854","0.814","1.035","1.065","0.92","0.676","0.939","0.766","0.496","1.239","0.575","0.827","1.007","0.719","0.913","0.905","0.929","0.596","0.656","0.839","0.879","0.729","0.921","0.478","0.763","0.911","0.722","0.776","0.714","0.994","0.878"
"dihexcer d18:1 N18:0","0.556","0.796","0.885","0.937","1.243","1.238","1.327","0.707","0.725","1.34","0.673","1.262","1.12","0.927","0.66","1.089","0.749","1.573","0.443","0.924","1.785","0.791","0.814","0.869","0.932","0.846","1.105","0.746","1.5","1.476","1.071","0.937","0.73","0.686","0.89","0.992","0.987","1.013","1.343","0.777","0.66","1.06","1.099","0.592","1.296","1.843","1.699","1.634","0.533","0.767","0.961","0.919","0.654","0.805","0.99","0.896","0.751","1.145","0.825","1.229","1.04","0.693","0.422","0.639","0.935","0.876","0.54","0.628","0.8","0.753","0.872","0.868","0.823","1.25","0.66","0.846","0.986","1.027","0.583","1.035","0.607","0.823","0.872","0.608","1.445","0.518","0.973","1.098","1.203","0.236","0.728","0.847","0.827","0.927","0.859","0.729","0.795","1.299","0.837","0.642","0.818","0.633","1.118","0.596","0.831","0.492","0.998","1.132","0.934","0.838","0.979","0.697","0.776","0.812","0.888","0.784","0.869","0.907","0.522","0.691","1.12","0.926","0.446","1.105","0.655","0.744","0.869","0.807","0.926"
"dihexcer d18:1 N20:0","0.488","0.785","1.065","0.726","1.385","0.995","1.58","0.743","0.612","1.178","0.736","1.306","1.217","0.827","0.694","1.182","0.869","1.159","0.448","0.781","1.213","0.743","0.916","0.687","0.981","0.61","0.851","0.864","1.374","0.913","0.801","0.96","0.434","0.684","0.885","0.652","0.879","0.879","1.4","0.858","0.895","0.685","1.038","0.524","0.851","1.327","1.138","1.026","0.462","0.932","1.147","0.948","0.786","1.012","1.278","1.214","0.882","1.763","1.172","0.697","0.958","0.718","0.398","0.597","1.122","0.959","0.424","0.784","0.664","0.828","0.788","0.903","0.828","1.249","0.795","0.678","1.064","1.011","0.67","1.163","0.763","1.017","1.051","0.578","1.479","0.549","1.163","1.292","1.445","0.119","0.722","0.797","0.964","0.896","1.347","0.881","0.835","1.369","0.636","0.794","1","0.667","0.843","0.77","0.934","0.825","0.64","1.012","0.628","0.687","0.969","0.69","0.697","0.796","0.91","0.63","0.962","1.009","0.668","0.576","0.896","0.919","0.403","1.227","0.91","0.865","0.589","1.351","0.746"
"dihexcer d18:1 N22:0","0.47","0.603","0.941","0.583","1.658","1.3","1.78","0.744","0.638","1.475","0.831","0.558","0.987","1.086","0.711","1.876","1.213","0.772","0.498","0.758","0.89","0.692","0.67","0.62","0.718","0.62","1.222","0.746","1.357","0.75","0.913","0.89","0.52","0.747","0.872","0.627","0.848","0.613","0.964","0.703","0.642","0.788","1.361","0.534","0.931","1.802","1.104","0.822","0.646","0.883","1.479","1.063","0.772","0.829","1.193","1.053","0.894","1.58","1.14","0.77","0.912","0.742","0.39","0.457","1.164","1.013","0.389","0.598","0.672","0.833","0.664","0.706","0.699","1.169","0.717","0.688","1.019","1.433","0.571","1.314","0.831","1.105","1.091","0.646","1.656","0.486","1.153","1.309","1.243","0.104","0.787","0.878","1.176","0.822","1.546","0.846","0.891","1.143","0.762","0.701","1.086","0.837","0.786","0.594","0.785","0.51","0.758","0.864","0.535","0.555","0.817","0.701","0.716","0.764","0.674","0.665","0.778","0.579","0.908","0.685","1.052","0.739","0.339","1.138","1.048","0.891","0.724","1.161","0.769"
"dihexcer d18:1 N24:0","0.538","0.614","0.919","0.62","1.639","1.084","1.969","0.697","0.921","1.25","0.754","1.406","1.113","1.09","1.131","1.456","1.131","1.067","0.679","1.268","0.946","1.004","0.582","0.944","0.658","1.004","1.268","0.715","1.511","1.029","1.062","1.259","0.563","0.758","1.122","0.604","0.858","0.975","1.023","0.68","0.793","0.994","1.571","0.61","0.922","1.813","1.126","1.126","0.638","0.765","1.566","0.836","0.787","0.828","1.148","0.914","0.746","1.331","1.114","0.514","0.767","0.775","0.422","0.579","0.875","0.961","0.527","0.623","0.664","0.656","0.695","0.812","0.582","1.216","0.689","0.62","0.961","1.257","0.722","1.201","0.99","1.208","1.267","0.733","2.77","0.592","1.169","1.184","1.243","0.113","0.701","0.848","1.415","0.945","1.518","0.894","0.876","0.98","0.798","0.602","1.09","0.963","0.957","0.712","0.898","0.492","0.806","0.629","0.512","0.546","0.739","0.785","0.868","0.857","0.8","0.698","0.808","0.502","0.821","0.723","1.217","1.12","0.43","1.076","1.013","0.794","0.988","1.027","0.736"
"dihexcer d18:1 N24:1","0.457","0.621","0.654","0.619","1.278","1.101","0.949","0.743","0.741","0.926","0.599","1.395","1.085","0.965","0.778","1.342","1.046","0.929","0.374","1.011","0.986","0.95","0.564","0.846","0.553","0.69","1.09","0.986","1.216","0.968","0.956","1.697","0.624","0.665","1.33","0.702","0.943","0.75","0.738","0.715","0.633","1.768","1.298","0.807","1.108","1.709","1.266","0.688","0.594","0.855","1.303","0.721","0.718","0.702","0.935","0.691","0.66","1.126","1.002","0.527","0.805","0.84","0.51","0.416","0.763","0.746","0.469","0.544","0.802","1.008","0.714","0.721","0.664","1.588","0.506","0.599","0.803","1.163","0.566","1.114","0.864","1.059","0.852","0.636","1.358","0.366","1.023","0.949","0.835","0.091","0.939","0.862","0.892","0.708","1.532","0.795","0.803","1.163","0.955","0.699","0.837","0.841","0.703","0.452","0.771","0.503","0.546","1.026","0.866","0.733","1.117","0.718","0.568","0.641","0.773","0.718","0.659","0.971","0.991","0.767","1.044","0.632","0.455","0.901","0.588","0.531","0.802","1.07","1.011"
"trihexcer d18:1 N16:0","1.031","0.943","1.007","0.746","1.357","1.247","1.227","1.074","0.409","1.223","0.964","1.05","1.322","1.293","1.172","1.676","1.322","1.019","0.454","1.035","1.251","0.856","0.624","1.007","0.948","1.019","1.101","0.897","1.353","0.991","0.948","1.003","0.852","0.834","1.145","0.934","1.22","1.117","1.652","0.987","1.035","1.259","1.286","0.796","1.161","1.227","1.153","0.75","0.733","0.605","0.851","1.106","1.146","1.062","1.238","1.27","0.978","1.41","1.202","0.454","1.214","1.29","1.086","0.544","1.094","1.438","0.583","0.73","0.692","1.198","0.938","0.855","1.05","1.206","0.857","0.643","1.326","1.034","0.807","1.138","0.994","0.807","0.712","0.965","1.603","0.668","1.196","1.178","0.886","0.055","1.25","1.149","0.715","0.6","1.513","0.825","0.883","1.311","0.756","1.07","0.98","0.719","0.829","0.922","0.883","0.946","0.686","1.523","0.575","0.844","0.812","0.683","1.146","0.918","1.221","0.702","0.739","1.429","1.177","0.82","0.859","0.672","0.527","1.016","0.911","0.78","0.666","0.874","1.013"
"trihexcer d18:1 N18:0","0.929","0.83","0.608","0.633","0.898","1.834","1.361","0.782","0.373","1.873","0.397","1.139","0.874","1.041","1.431","1.404","1.034","1.013","0.263","0.744","0.94","0.711","0.763","0.808","1.229","1.296","1.459","1.122","1.122","1.263","0.791","1.192","0.888","0.701","1.131","1.484","1.147","0.99","1.474","1.187","1.262","1.021","1.25","0.781","0.788","1.071","1.423","1.043","0.912","0.679","0.867","1.028","0.693","0.739","1.116","1.29","0.796","0.87","0.702","0.841","0.787","0.833","0.573","0.412","0.918","1.012","0.643","0.648","0.914","0.733","0.887","0.768","0.905","0.899","0.56","0.518","1.662","0.959","0.667","0.857","0.902","0.676","0.726","0.791","1.093","0.626","1.137","1.099","0.803","0.141","1.136","0.882","0.603","0.476","0.792","0.559","0.943","1.27","0.851","0.615","0.537","0.661","0.945","0.737","0.714","0.473","1.151","1.792","0.733","0.87","1.397","0.485","1.159","0.87","1.424","0.827","0.727","1.244","0.723","0.704","1.119","0.701","0.405","1.109","1.127","0.73","0.654","0.782","1.207"
"trihexcer d18:1 N22:0","0.643","0.716","0.781","0.595","1.205","1.204","1.371","0.547","0.675","1.584","0.582","1.063","1.286","0.99","0.977","2.26","1.885","1.013","0.383","0.932","0.939","0.746","0.655","0.674","0.919","0.754","0.929","0.937","0.841","0.954","0.666","0.966","0.595","0.411","0.862","1.211","0.881","0.833","1.367","1.033","0.728","1.04","1.027","0.686","0.473","1.12","0.907","0.86","0.578","0.849","1.047","1.45","1.009","0.957","1.715","1.142","1.123","1.223","1.235","1.267","1.512","1.223","0.542","0.398","0.799","1.092","0.336","0.541","0.939","0.978","1.063","0.684","0.997","1","0.751","0.699","1.434","1.441","0.579","1.146","0.78","0.718","0.872","0.728","1.184","0.609","1.242","1.066","0.885","0.305","1.395","1.276","0.769","0.586","0.882","0.795","0.895","0.764","0.761","0.798","0.805","0.608","0.866","0.566","0.733","0.344","1.193","1.591","0.578","0.714","0.79","0.646","1.259","1.012","0.929","0.839","0.727","0.749","0.988","0.877","1.383","0.519","0.333","1.381","1.175","0.806","0.75","0.659","1.482"
"trihexcer d18:1 N24:0","0.827","0.907","1.049","1.068","1.367","2.131","1.719","0.881","0.928","2.344","0.582","1.063","1.286","0.99","0.977","2.26","1.885","1.013","0.383","0.932","0.939","0.746","0.655","0.674","0.919","0.754","0.929","0.937","0.841","0.954","0.666","0.966","0.595","0.411","0.862","1.211","0.881","0.833","1.367","1.033","0.728","1.04","1.027","0.686","0.473","1.12","0.907","0.86","0.578","0.849","1.047","1.45","1.009","0.957","1.715","1.142","1.123","1.223","1.235","1.267","1.512","1.223","0.542","0.398","0.799","1.092","0.336","0.541","0.939","0.978","1.063","0.684","0.997","1","0.751","0.699","1.434","1.511","0.705","1.09","0.886","0.866","1.074","0.799","1.818","0.598","1.24","1.346","0.957","0.484","1.208","1.177","0.83","0.702","1.031","0.841","1.069","0.934","0.779","0.779","0.816","0.825","0.973","0.566","0.733","0.344","1.193","1.591","0.578","0.714","0.79","0.646","1.259","1.012","0.929","0.839","0.727","0.749","0.988","0.877","1.383","0.519","0.333","1.381","1.175","0.806","0.75","0.659","1.482"
"OH-monohexcer d18:1 N16:0","1.141","0.956","1.473","0.85","1.124","0.772","1.276","0.943","0.413","1.482","1.71","1.298","0.987","0.939","0.846","0.989","1.571","1.016","0.492","1.799","0.789","1.312","0.779","1.108","1.294","1.222","1.262","0.954","0.931","1.235","0.801","1.141","0.495","1.2","1.616","1.052","1.589","0.904","1.209","1.079","0.942","0.848","1.571","0.658","1.285","0.774","1.186","0.751","0.744","0.529","0.971","1.569","1.894","1.454","1.357","1.223","0.864","1.456","1.519","0.953","0.636","1.669","1.531","0.522","1.613","2.206","0.995","0.906","0.844","1.369","0.896","0.879","1.3","1.058","0.963","0.513","1.263","0.905","1.122","1.317","1.891","1.019","0.885","1.654","1.08","0.962","1.438","1.116","1.37","0.054","0.954","0.888","1.022","1.165","3.051","0.924","0.918","1.459","0.42","1.312","1.233","1.617","0.54","1.082","0.71","1.133","0.86","1.117","0.521","0.5","0.665","0.615","0.897","1.736","0.948","0.822","0.486","1.192","1.129","0.511","0.58","0.756","0.546","0.925","1.509","1","0.389","0.56","0.621"
"OH-monohexcer d18:1 N18:0","0.911","0.736","0.821","0.724","0.821","0.685","1.051","0.781","1.172","0.851","0.936","1.056","0.773","0.805","0.847","0.865","1.036","1.022","0.714","1.127","1.002","1.019","0.869","1.005","0.981","0.861","0.982","0.904","0.812","0.986","0.93","0.813","0.925","1.104","0.948","0.988","1.046","0.992","0.954","1.073","1.094","0.901","0.854","1.043","1.113","1.112","0.949","1.196","1.085","1.099","1.016","0.927","0.846","0.835","0.889","0.988","0.92","0.826","1.04","0.985","1.352","0.944","0.901","0.813","0.996","0.974","0.884","1.04","0.921","0.842","0.904","0.761","0.696","0.652","0.661","0.595","0.636","1.188","0.929","1.089","1.041","1.128","1.07","1.111","1.273","1.005","1.137","1.085","1.234","1.247","1.15","0.979","0.99","0.975","0.936","0.985","0.936","1","1.264","1.117","0.925","1.091","1.147","0.952","1.062","0.941","1.128","1.023","1.128","1.02","1.046","1.1","0.915","0.938","1.144","1.106","0.931","1.029","1.065","1.151","1.165","1.071","1.099","1.044","1.086","1.244","1.228","0.917","1.058"
"OH-monohexcer d18:1 N20:0","1.278","1.397","0.826","0.442","1","0.351","1.447","1.53","0.541","1.176","0.624","1.333","1.003","0.572","0.43","0.903","1.236","1.335","0.543","0.524","0.813","0.833","1.331","0.176","2.034","2.426","1.349","0.658","1.27","0.62","0.63","1.493","0.826","0.958","0.911","0.715","0.782","0.832","0.434","1.858","0.832","1.182","1.159","0.916","0.702","1.139","1.782","1.19","1.5","0.684","0.668","1.177","1.879","1.382","1.124","1.131","0.382","0.763","1.457","0.968","0.65","0.712","0.326","0.472","1.323","0.606","1.063","1.2","0.739","1.426","0.68","1.277","1.528","0.779","1.09","1.047","1.065","1.029","0.783","1.084","1.514","1.119","0.815","1.57","1.53","1.043","2.081","1.283","1.574","0.111","1.441","1.196","0.994","2.242","2.113","1.397","0.62","1.084","0.465","0.996","0.938","1.784","0.567","0.49","3.5","0.454","0.736","1.485","0.398","0.5","1.105","1.148","1.108","0.985","0.718","1.504","0.645","2.805","0.813","0.569","0.928","1.495","0.565","0.736","0.84","1.399","0.891","0.95","0.569"
"OH-monohexcer d18:1 N22:0","1.464","1.583","0.71","0.631","1.137","0.931","2.377","1.119","0.873","1.665","1.901","2.796","1.105","0.996","0.938","1.323","1.774","1.486","0.779","1.683","1.115","1.03","1.175","0.708","2.081","1.71","1.458","1","1.004","1.018","0.685","1.032","0.581","0.937","0.77","1.256","1.349","0.891","0.597","1.774","0.98","1.871","1.579","1.22","1.02","0.935","1.26","1.425","1.296","0.992","1.494","1.144","1.751","1.542","1.222","1.163","0.403","1.182","1.69","1.062","0.441","1.326","0.621","0.494","1.203","0.978","0.979","1.101","0.903","1.147","0.864","1.211","1.474","0.736","0.938","0.851","0.899","1.224","1.746","1.501","1.113","1.484","0.787","1.311","1.813","0.848","0.431","1.283","0.66","0.573","1.274","1.004","1.354","0.998","0.74","1.163","0.995","1.127","1.716","0.683","1.013","1.06","1.094","1.224","1.746","1.501","1.113","1.484","0.787","1.311","1.813","0.848","0.431","1.283","0.66","0.573","1.274","1.004","1.354","0.998","0.74","1.163","0.995","1.127","1.716","0.683","1.013","1.06","1.094"
"OH-monohexcer d18:1 N24:0","1.416","1.228","0.928","0.569","1.181","0.611","2.996","0.882","0.926","1.283","1.12","1.683","1.281","1.151","0.755","1.3","1.411","0.909","0.644","1.103","0.615","1.01","1.235","0.41","2.004","2.351","1.8","0.786","1.404","0.796","0.802","0.649","0.914","1.617","1.125","1.12","0.935","0.776","0.622","0.961","1.192","1.44","2.33","1.412","0.655","0.819","1.351","1.627","1.726","1.535","1.319","1.224","1.746","1.501","1.113","1.484","0.787","1.311","1.813","0.848","0.431","1.283","0.66","0.573","1.274","1.004","1.354","0.998","0.74","1.163","0.995","1.127","1.716","0.683","1.013","1.06","1.094","1.145","1.19","1.425","2.215","1.985","1.155","1.447","1.87","1.22","1.635","1.225","1.015","0.105","0.848","1.005","1.23","2.48","1.92","2.095","0.75","0.788","0.327","0.955","1.355","1.23","0.631","0.652","2.733","0.643","0.765","0.71","0.331","0.61","0.926","0.841","1.846","0.805","0.607","1.437","0.527","1.519","0.842","0.603","0.761","0.969","0.631","0.795","1.318","1.466","0.533","0.818","0.616"
"OH-dihexcer d18:1 N16:0","0.994","0.879","0.759","1.186","1.536","1.19","1.199","1.377","0.715","0.944","1.031","1.19","1.45","0.967","1.167","2.215","2.054","1.868","0.669","1.153","0.828","0.695","0.883","1.391","0.895","1.182","1.199","1.324","1.734","1.213","0.528","1.134","0.962","0.772","0.923","1.061","0.795","1.061","1.126","0.5","1.098","1.151","1.383","0.877","1.682","1.121","1.667","1.182","1.383","2.31","1.841","1.561","1.136","0.908","1.192","1.408","1.031","1.164","1.425","0.92","0.624","0.977","0.998","0.671","0.828","1.026","1.07","0.674","0.746","0.777","1.042","0.911","0.887","0.986","1.146","0.688","0.8","0.526","1.117","1.033","1.143","0.865","0.867","1.096","0.833","0.833","1.072","0.974","0.241","0.833","0.943","0.965","0.763","1.354","1.1","0.757","1.172","0.578","1.176","1.039","1.12","0.848","0.848","1.34","1.925","1.311","1.396","1.67","1.284","0.617","1.204","1.034","1.01","1.182","1.051","0.813","0.67","1.027","1.053","0.621","0.876","0.726","0.614","0.934","1.131","0.743","0.499","1.039","0.983"
"OH-dihexcer d18:1 N18:0","1.436","0.932","0.754","0.562","1.21","0.984","0.902","1.952","0.606","0.888","1.316","1.184","1.092","0.971","1.352","0.993","0.553","1.058","0.455","1.86","0.541","0.707","1.418","0.897","0.753","1.056","1.387","1.242","0.89","1.383","1.034","0.902","0.782","1.259","1.122","1.03","0.948","1.241","1.091","1.387","0.931","0.832","1.254","1.193","0.897","0.981","1.281","0.954","1.21","0.615","1.047","0.948","1.223","1.559","1.233","1.522","1.022","1.532","0.934","0.367","1.883","1.146","1.285","0.719","1.549","1.705","1.081","0.837","0.827","0.951","1.043","1.512","1.154","0.866","1.153","0.807","1.144","0.898","0.617","1.615","1.317","1.405","1.005","1.167","1.202","1.048","0.99","1.352","0.954","0.127","1.115","0.822","1.27","0.745","1.061","0.97","0.48","1.122","0.855","0.856","0.902","1.065","0.924","0.555","1.34","0.979","0.478","1.229","0.548","0.821","0.77","0.669","0.801","0.992","1.1","0.52","0.599","0.978","0.691","0.586","0.819","0.845","0.67","0.602","0.753","0.755","0.356","0.727","0.654"
"sulfa d18:1 N16:0","1.073","1.252","0.581","1.083","1.222","0.825","1.182","0.576","0.368","1.008","1.172","1.282","0.671","1.475","1.371","0.894","1.257","0.616","0.715","1.868","0.364","1.182","0.989","1.287","0.989","1.545","1.659","0.984","1.108","1.331","1.068","1.227","0.282","0.864","0.84","1.316","1.903","0.81","1.336","0.745","1.411","1.292","1.749","0.909","0.71","0.84","0.894","0.487","0.76","0.537","1.118","1.734","1.312","0.913","1.025","0.846","1.421","1.245","1.322","0.734","0.881","1.788","1.402","0.535","1.692","2.043","0.894","0.881","1.057","1.105","0.856","0.578","1.351","0.9","0.747","0.436","0.763","0.798","1.52","1.398","1.571","1.555","0.417","1.057","1.252","0.872","1.028","1.015","1.082","0.04","0.611","0.798","0.939","1.644","2.072","1.721","0.898","1.022","0.494","0.878","1.606","0.846","0.926","1.136","1.609","0.75","0.808","0.646","0.832","0.702","0.952","1.006","0.606","1.623","0.869","0.898","0.855","0.681","0.909","0.884","0.772","0.934","1.295","1.317","1.209","1.129","0.389","0.877","0.866"
"sulfa d18:1 N20:0","1.136","1.292","1.414","0.668","1.709","0.717","1.093","2.446","0.626","1.145","2.567","1.44","0.532","1.154","2.593","1.136","0.755","1.127","1.145","1.526","0.559","0.363","1.327","1.518","1.865","1.284","1.648","1.422","1.032","2.801","1.093","1.249","0.528","2.264","1.049","2.16","1.127","1.709","1.145","1.7","1.639","0.424","1.197","1.214","0.954","0.467","0.846","0.627","1.735","0.463","0.785","1.049","1.303","1.408","1.197","0.979","1.063","1.236","0.996","0.364","1.144","1.588","1.419","0.686","0.849","1.268","0.67","0.674","0.572","1.046","0.805","1.243","0.923","0.866","1.32","0.961","1.468","0.822","0.75","0.838","1.577","1.356","1.208","1.232","1.856","1.299","1.327","1.264","1.475","0.165","0.592","1.007","0.951","0.417","1.102","0.926","0.926","1.032","0.773","1.127","0.915","1.465","0.804","1.017","1.07","1.215","0.78","0.795","0.675","1.087","0.809","0.638","1.406","1.215","1.05","0.872","0.801","0.866","0.983","0.691","1.342","1.218","1.191","0.869","0.779","0.849","0.554","0.5","0.745"
"sulfa d18:1 N22:0","0.919","1.137","1.493","0.828","1.208","0.8","1.358","1.453","0.475","0.958","1.469","1.236","0.562","0.749","1.358","1.006","0.729","0.974","0.772","1.16","0.346","0.745","0.923","1.077","1.093","1.018","1.422","0.725","0.709","1.402","0.95","1.042","0.483","0.875","0.626","1.042","0.824","0.903","1.085","1.41","1.216","0.55","1.152","0.962","1.24","0.412","1.152","0.531","1.584","0.653","0.935","1.026","1.107","1.37","1.584","0.882","0.889","1.176","1.219","0.581","1.532","1.844","1.351","0.767","0.89","1.851","0.696","0.611","0.424","1.193","1.055","1.217","0.924","1.106","0.924","0.885","1.045","0.718","1.024","1.256","1.86","1.217","1.774","1.002","1.962","1.28","1.177","1.323","1.238","0.146","0.603","0.986","1.083","0.919","1.047","0.965","1.045","1.276","1.01","0.984","1.508","1.3","0.85","1.092","0.967","1.46","0.747","0.695","0.701","0.685","0.609","0.568","1.336","1.084","0.862","0.901","0.631","0.6","0.99","0.697","1.021","0.776","1.041","0.779","0.886","0.906","0.314","0.665","0.715"
"GM1 d18:1 N16:0","0.932","1.063","1.112","0.594","1.733","1.635","1.006","1.153","0.85","1.431","0.94","0.908","1.251","0.875","1.096","1.562","1.406","0.948","0.326","1.243","0.989","1.202","1.112","0.721","0.973","1.079","1.545","1.382","1.292","1.12","0.957","1.21","0.522","1.807","1.693","0.624","1.259","1.194","1.48","0.965","1.104","0.859","1.12","0.776","1.39","1.022","1.676","0.641","0.808","0.817","0.809","1.161","0.98","1.146","1.299","0.965","0.752","1.15","1.508","0.881","0.902","1.213","0.617","0.811","1.291","1.252","0.554","0.687","0.659","1.142","0.791","0.815","0.969","1.26","1.169","0.754","1.063","1.319","0.772","0.856","1.071","1.016","0.766","0.704","0.632","0.352","1.063","1.224","0.781","0.069","0.823","0.796","0.807","0.74","1.575","0.996","0.661","1.138","0.675","0.98","0.798","1.022","0.894","0.772","1.009","0.837","0.373","1.096","0.699","0.81","0.64","0.761","0.728","1.052","0.909","0.397","0.426","0.826","0.927","0.508","0.676","0.39","0.47","0.733","0.747","0.858","0.439","0.704","1.002"
"GM1 d18:1 N18:0","1.012","0.53","0.512","0.87","0.892","1.153","0.722","0.816","0.514","1.927","1.198","0.644","0.845","1.389","1.118","0.941","1.184","1.413","0.5","1.387","0.533","0.776","0.95","0.856","0.524","1.179","1.823","0.901","0.451","1.118","0.672","0.49","0.575","1.127","0.377","1.252","0.741","1.153","0.58","1.035","1.156","1.264","1.55","0.231","0.434","0.618","1.406","0.173","0.729","0.415","0.53","1.833","1.186","0.722","1.484","1.396","1.48","1.654","1.887","0.972","1.537","1.866","0.955","0.782","1.981","2.036","0.877","0.963","0.52","1.035","1.034","1.193","1.4","1.951","0.627","0.945","2.236","1.093","0.936","0.922","0.798","0.627","1.416","1.595","1.025","1.084","1.296","1.455","1.195","0.147","1.048","1.111","0.843","0.781","1.431","1.786","1.589","1.655","0.801","0.708","1.217","1.204","0.814","1.384","1.136","0.983","1.273","1.332","0.554","0.497","0.854","0.516","1.256","0.627","0.87","0.929","0.636","0.353","0.685","0.385","0.619","1.023","0.514","1.198","0.862","0.604","0.793","1.323","0.385"
"GM1 d18:1 N18:1","1.234","0.946","0.522","1.38","1.315","2.016","1.44","1.473","0.663","1.636","0.436","0.603","0.441","0.799","2.272","1.386","1.228","1.168","0.362","1.299","0.712","0.723","0.582","0.652","1.511","1.315","1.658","1.196","1.668","1.152","0.439","1.207","1.049","2.266","0.233","1.56","0.663","0.783","1.076","1.266","1.658","0.63","2.043","0.421","1.587","1.054","1.293","1.391","1.228","0.658","0.973","1.118","2.178","1.674","2.487","3.771","1.445","2.36","1.774","1.356","2.665","1.903","1.258","0.275","1.746","1.996","1.153","1.019","1.97","1.704","1.572","1.114","2.377","2.788","1.419","1.112","3.119","1.419","1.382","2.148","4.216","2.483","0.648","1.941","1.229","0.539","0.761","1.564","2.038","0.123","1.602","1.398","1.254","1.285","2.254","2.547","0.745","2.131","0.73","0.204","1.339","2.483","0.655","0.659","0.858","0.701","0.343","0.801","0.243","0.843","0.334","0.378","1.144","0.684","0.407","0.438","0.474","0.164","0.934","0.328","0.565","0.886","0.939","0.594","0.869","0.415","0.557","0.661","0.115"
"GM2 d18:1 N16:0","0.336","1.12","0.853","0.751","1.787","0.956","2.053","1.938","0.671","3.356","1.52","0.671","1.084","0.582","0.21","1.609","0.818","1.436","0.176","2.907","0.304","0.124","2.187","0.407","0.35","0.782","2.96","0.244","0.516","2.427","1.289","0.898","0.234","3.28","1.2","0.831","0.88","0.081","0.403","0.649","0.301","0.196","0.3","0.306","0.184","0.333","0.086","0.282","1.671","0.265","0.213","2.183","2.387","0.96","1.201","0.89","1.281","3.494","3.101","0.501","3.104","3.149","1.213","0.736","1.921","2.332","0.502","0.531","1.162","1.457","0.551","1.787","1.674","3.024","1.055","0.899","0.516","0.997","0.605","1.15","3.79","0.96","1.281","0.423","1.82","1.399","1.616","1.832","0.56","0.223","0.581","1.047","0.982","1.527","1.393","0.577","0.3","1.71","0.738","1.939","2.655","0.847","1.479","1.326","0.866","0.137","0.314","0.608","0.336","0.524","0.441","0.482","1.406","0.698","0.36","0.643","0.099","0.59","0.606","1.009","0.586","0.47","0.252","1.039","0.811","0.831","0.263","0.888","0.285"
"GM2 d18:1 N18:0","0.731","1.313","1","0.99","1.427","1.708","1.198","0.808","0.218","1.656","1.083","1.323","0.254","0.76","1.625","2.781","1.5","2.865","0.463","1.427","0.664","0.864","1.198","1.198","0.574","1.104","2.063","0.514","1.521","1.271","0.856","0.833","0.247","1.802","1.003","1.573","1.167","1.594","0.829","0.751","1.052","0.338","0.924","0.179","0.875","0.381","1.015","0.652","0.615","0.352","0.651","2.137","1.834","0.797","1.165","1.281","0.998","1.593","1.628","0.32","2.028","2.034","0.821","0.617","1.116","2.409","0.786","0.548","0.544","0.668","1.176","1.332","1.293","2.603","0.872","0.824","1.61","1.278","0.895","0.927","0.78","0.865","0.788","0.705","1.045","0.464","1.179","1.239","0.663","0.062","1.112","0.827","1.278","0.723","0.861","0.771","0.734","1.247","0.495","1.24","2.427","0.727","0.813","1.017","1.07","1.215","0.78","0.795","0.675","1.087","0.809","0.638","1.406","1.215","1.05","0.872","0.801","0.866","0.983","0.691","1.342","1.218","1.191","0.869","0.779","0.849","0.554","0.5","0.745"
"GM3 d18:1 N16:0","0.8619","0.9587","1.1059","0.858","0.9742","0.9316","0.7631","1.1001","0.6411","1.1156","1.2628","0.8522","0.9219","0.8309","1.195","1.3461","0.8464","1.0459","0.6062","1.0866","1.0033","1.0595","0.829","0.7902","0.7612","1.0478","1.2435","0.8367","1.0691","1.5088","0.6721","0.9433","0.6275","0.9994","1.0943","1.0963","1.0711","1.1524","1.6793","1.3442","1.2125","0.7224","1.2105","0.7941","1.4565","0.9026","1.0014","0.6818","0.7728","0.5036","0.7786","0.796","0.941","1.49","1.195","1.272","0.973","1.403","1.184","0.61","1.017","1.359","1.178","0.518","1.244","1.418","0.584","0.667","0.624","1.38","0.722","0.674","0.941","1.111","0.999","0.592","1.157","0.912","0.776","1.115","0.963","1.011","0.565","0.957","1.089","0.494","1.161","1.086","1.28","0.028","0.92","0.698","0.773","0.937","2.108","0.79","0.932","1.323","0.851","1.067","1.014","0.918","0.772","1.068","0.915","1.003","0.574","1.066","0.627","0.769","0.846","0.636","0.759","0.766","1.039","0.578","0.661","1.141","0.95","0.724","0.786","0.768","0.435","0.908","0.989","0.798","0.565","0.825","0.819"
"GM3 d18:1 N18:0","0.664","0.985","0.752","0.824","0.642","1.106","0.576","0.724","0.882","0.952","0.561","0.939","0.782","1.185","1.2","1.364","0.67","0.803","0.555","0.806","1.045","1.055","0.597","0.858","0.83","1.009","1.242","1.027","0.988","1.003","0.891","0.845","0.539","0.83","0.964","0.848","0.967","1.239","1.724","0.673","1.506","0.888","1.227","0.506","1.221","0.897","1.061","0.718","0.4","0.579","0.621","0.889","1.061","0.934","0.801","1.063","0.94","1.163","1.248","0.684","0.554","1.176","0.699","0.594","1.037","1.122","0.768","0.884","0.623","1.125","0.811","0.695","1.079","1.346","0.723","0.527","1.216","0.948","0.868","0.883","1.021","0.633","0.72","1.335","0.671","0.468","1.233","1.08","1.273","0.129","0.765","0.593","0.856","0.735","1.608","0.977","1.012","1.311","0.518","0.76","0.695","1.243","0.633","1.185","0.915","1.098","0.936","1.434","0.531","0.753","1.048","0.755","0.763","0.998","1.168","0.539","0.668","1.037","0.757","0.602","0.963","1.081","0.595","1.432","1.195","1.058","0.946","1.292","0.786"
"GM3 d18:1 N18:1","1.049","1.019","0.813","0.99","0.89","1.068","1.165","1.029","0.658","1.126","0.919","0.922","1","1.01","1.427","1.427","0.714","1.544","0.582","1.67","1.291","1.039","1.155","0.84","0.517","1.01","1.437","1.505","1.058","1.408","0.616","0.934","0.375","1.126","0.382","0.788","0.846","1.631","1.816","0.711","1.184","0.917","0.948","0.72","1.718","0.728","1.01","0.553","0.822","0.224","0.575","0.984","0.613","0.721","0.669","1.015","1.081","1.332","1.071","0.893","1.193","0.978","0.698","0.466","1.386","1.359","0.397","0.962","0.439","0.998","0.782","0.578","1.332","0.871","0.908","0.352","1.045","0.646","0.745","1.054","1.269","0.506","0.487","1.112","0.39","0.37","0.762","0.987","1.017","0.036","0.593","0.638","0.44","0.57","1.161","0.704","0.624","1.377","0.512","1.056","0.683","0.937","0.61","1.025","0.72","1.097","0.99","1.34","0.538","0.698","0.888","0.742","0.727","0.778","0.665","0.658","0.863","0.822","0.653","0.568","0.685","0.801","0.499","1.068","0.814","0.911","0.556","0.922","1.019"
"GM3 d18:1 N20:0","0.58","0.714","1.61","0.353","0.73","0.864","0.733","1.288","0.311","1.225","1.127","0.675","0.587","0.628","1.324","1.1","0.568","0.483","1.154","0.669","0.666","0.85","1.082","0.804","0.786","0.832","1.047","0.814","1.583","1.082","0.948","0.93","0.521","0.703","0.817","1.216","0.845","1.306","1.735","1.172","0.948","0.375","1.691","0.699","1.726","1.351","1.029","0.616","0.738","0.903","0.957","0.614","0.914","1.079","0.91","0.953","1.068","1.083","1.036","0.892","0.769","1.496","0.815","0.553","1.101","1.421","0.777","1.14","0.687","0.82","0.62","0.579","1.23","0.964","1.007","0.842","0.975","0.809","1.198","0.932","0.935","1.061","0.914","0.774","1.104","0.953","1.378","0.921","1.273","0.247","0.63","0.856","1.525","0.758","1.565","0.59","0.81","0.942","0.873","1.302","0.978","1.752","0.964","0.973","0.742","1.258","0.54","0.609","0.418","0.82","0.749","0.522","0.593","0.944","0.642","0.533","0.742","0.744","0.547","0.355","0.907","0.687","0.369","0.762","0.8","0.7","0.738","1.084","0.516"
"GM3 d18:1 N22:0","0.345","0.528","0.698","0.864","0.573","1.015","0.856","0.749","0.665","0.947","0.78","1.023","1.008","0.947","0.962","1.515","0.902","0.59","0.404","0.714","0.97","0.917","0.645","1.121","1.091","0.56","1.53","0.833","1.447","0.754","0.683","0.508","0.803","0.879","0.686","0.955","1.348","1.265","1.758","1.114","0.902","0.902","1.659","0.617","1.75","1.462","1.356","0.864","0.677","0.653","0.97","1.094","0.9","1.265","1.298","1.404","1.179","1.316","1.346","1.101","1.026","1.699","1.192","1.24","1.074","1.494","1.134","1.074","0.983","0.693","0.902","0.922","1.537","1.568","1.099","1.588","1.782","1.303","1.2","1.489","1.066","1.399","1.338","1.127","0.93","0.958","1.535","1.3","2.099","0.287","1.079","0.993","1.673","1.263","2.296","0.89","1.169","1.237","1.373","1.457","1.436","1.953","1.336","0.772","0.628","1.065","0.616","0.538","0.391","0.796","0.614","0.435","0.502","0.711","0.666","0.45","0.518","0.583","0.753","0.445","0.768","0.521","0.351","0.821","0.899","0.587","0.461","0.638","0.407"
"GD1 d18:1 N16:0","0.896","1.316","1.077","0.487","0.783","1.23","1.577","1.5","1.115","1.363","0.887","1.392","1.438","1.476","1.597","1.655","1.544","1.104","0.376","1.4","1.396","0.85","0.535","0.469","0.783","1.181","1.27","1.259","1.164","1.553","0.695","0.916","0.372","1.241","1.164","1.146","0.942","1.166","0.969","0.954","0.717","0.989","1.088","0.77","0.662","1.493","2.345","0.854","0.781","0.296","1.102","1.713","1.341","1.181","1.828","1.136","0.851","1.56","1.771","0.485","1.574","2.513","1.081","1.073","0.828","1.556","0.815","0.679","1.172","1.949","1.501","0.995","1.15","1.34","1.241","0.972","1.568","1.218","0.751","0.756","1.131","0.855","0.601","0.809","1.677","0.749","0.645","1.071","0.71","0.039","1.403","1.421","0.535","1.106","1.464","1.669","0.81","2.027","1.158","1.519","1.776","1.068","0.369","1.59","1.786","0.853","0.701","0.889","0.628","1.042","0.694","1.157","0.716","1.15","1.097","1.474","0.512","0.991","1.239","0.922","0.601","0.934","0.655","0.636","1.297","1.345","0.967","0.857","1.056"
"GD1 d18:1 N18:0","1.081","0.855","0.993","1.47","0.956","1.85","1.412","0.877","0.559","1.246","1.022","1.198","0.817","1.451","1.626","1.324","1.519","2.23","0.699","1.188","0.476","0.778","0.878","0.597","0.671","1.159","1.353","0.796","1.383","1.412","1.11","0.772","0.823","1.908","1.1","1.558","1.003","0.819","1.363","0.713","1.636","0.838","1.383","0.364","0.917","0.456","1.461","0.364","0.769","0.983","0.614","0.943","0.886","0.81","0.803","1.243","1.421","1.021","1.412","0.646","0.796","1.856","1.083","0.553","1.367","1.371","0.786","0.756","0.606","0.964","0.716","0.852","0.695","1.49","1.202","0.373","1.709","0.777","0.646","0.65","1.147","0.902","1.083","0.94","0.338","0.539","0.764","1.495","0.848","0.079","0.863","0.777","0.682","0.588","0.925","0.637","0.932","1.015","0.915","1.088","0.889","0.698","0.387","1.106","0.932","0.66","0.837","1.231","0.91","0.851","1.314","1.295","1.092","1.228","1.163","0.992","0.541","0.829","1.451","0.731","0.677","1.034","0.602","1.074","1.046","1.099","0.665","1.067","0.791"
"GD1 d18:1 N20:0","1.202","0.856","2.163","1.582","0.517","1.163","0.502","1.304","0.563","0.627","1.768","1.65","0.719","1.627","1.882","2.125","1.791","1.186","0.646","0.814","0.779","1.966","1.027","0.981","1.449","1.601","0.567","1.65","1.597","0.863","0.392","0.73","0.977","1.274","2.167","3.593","2.004","0.886","1.179","1.559","1.011","0.673","2.749","0.859","2.049","0.643","0.441","0.544","0.589","0.255","0.65","2.601","0.9","1.766","1.253","1.484","1.507","1.587","0.603","1.003","1.157","1.073","0.855","0.965","1.346","1.096","1.397","0.643","0.612","1.187","1.257","0.818","1.614","1.622","0.428","0.681","0.904","0.723","1.654","0.783","1.264","1.016","1.281","0.865","0.655","1.044","1.306","1.589","0.491","0.029","1.161","1.002","1.073","0.747","1.608","0.802","0.757","1.054","0.478","1.08","1.292","0.467","0.673","1.021","0.951","0.518","0.519","1.263","0.397","0.516","0.929","0.459","1.469","1.282","0.996","0.761","0.447","0.49","1.088","0.796","0.43","0.518","0.265","0.559","0.606","0.782","0.872","0.867","0.506"
"GD3 d18:1 N18:0","0.419","1.086","0.989","1.052","0.851","0.971","0.399","1.822","0.35","1.356","0.415","1.483","1.437","0.603","0.937","1.04","1.661","1.236","0.468","1.218","1.701","1.615","1.345","0.92","0.943","0.325","1.328","0.449","1.569","1.218","0.417","0.536","0.426","0.943","1.787","1.086","0.931","1.534","1.448","0.862","0.914","1.046","0.667","0.592","1.046","0.575","1.04","1.057","0.203","1.155","0.256","1.142","0.835","2.242","2.067","0.424","1.116","1.503","1.188","2.521","0.878","0.979","0.775","0.495","1.542","1.242","0.44","1.293","0.38","2.85","1.07","0.974","3.15","1.729","1.061","0.123","1.708","1.496","0.958","0.945","1.25","1.567","0.591","2.783","0.977","1.175","1.078","2.671","1.76","0.192","0.955","1.5","1.243","0.905","1.065","1.081","0.718","1.363","0.346","1.204","2.058","0.924","0.479","0.775","0.941","1.055","0.257","2.319","0.255","0.965","1.112","0.732","0.637","1.073","0.784","0.574","0.237","1.731","1.442","0.753","0.337","0.627","0.613","1.746","0.456","1.065","1.247","0.63","1.331"
"GQ1 d18:1 N18:0","0.577","0.941","1.655","0.56","0.598","0.814","0.653","1.04","0.694","0.822","1.053","0.664","0.926","0.935","1.319","1.104","0.444","0.694","1.059","0.647","0.846","0.956","0.886","0.805","0.858","0.888","0.888","0.77","1.22","0.827","0.835","0.856","0.573","0.751","0.721","1.262","0.85","1.057","1.712","1.205","1.228","0.493","1.066","0.774","1.687","0.949","0.951","0.727","0.662","0.86","0.909","0.749","1.162","1.019","1.099","1.053","0.951","1.193","1.219","0.981","0.74","1.2","0.81","0.787","1.194","1.183","0.813","1.088","0.616","0.929","0.695","0.701","1.521","1.247","1.056","1.075","1.065","0.858","1.295","1.198","0.968","1.063","0.924","0.959","1.008","1.016","1.446","1.083","1.405","0.322","0.969","0.995","1.435","0.886","2.043","0.859","0.883","1.214","0.901","1.205","1.002","1.809","1.004","1.092","0.858","1.251","0.497","0.699","0.594","0.747","0.81","0.72","0.584","0.762","0.703","0.545","0.699","0.716","0.714","0.517","0.937","0.695","0.487","0.822","0.963","0.71","0.767","1.115","0.629"
"GQ1 d18:1 N20:0","0.304","1.218","1.113","0.741","0.708","0.964","0.675","0.392","0.689","0.649","0.893","0.467","0.487","0.549","0.836","1.103","0.245","0.357","0.729","0.588","0.438","0.932","0.795","0.589","0.613","0.792","0.854","0.852","0.833","0.622","0.911","0.881","0.265","0.782","0.789","1.492","1.334","0.704","1.271","1.408","1.176","0.372","1.408","0.744","0.911","0.909","1.145","0.481","0.689","1.355","0.839","0.737","0.885","1.042","1.004","1.07","1.054","1.277","1.277","0.995","0.807","1.298","0.424","0.843","1.358","1.402","0.842","1.17","0.67","1.23","0.407","0.695","1.724","1.255","0.917","1.058","0.807","1.108","0.768","1.298","1.045","1.492","1.079","1.12","0.71","0.885","1.414","1.008","1.33","0.145","0.92","0.986","1.683","0.867","1.58","0.783","0.817","1.001","0.601","1.305","1.133","1.539","0.917","0.917","0.743","1.067","0.424","0.638","0.748","0.732","0.685","0.885","0.495","0.754","0.655","0.498","0.574","0.442","0.799","0.397","0.755","0.471","0.554","0.908","0.921","0.513","0.38","0.745","0.576"