feature,log2FC,pval,padj,class,Species.Name,Molecular.Species.Name,Structural.Species.Name,Level,networkId,GATOM.abbr
CE(16:0),1.427489485763647,0.020316300128864564,0.08370816115724077,CE,CE 16:0,CE 16:0,CE 16:0,FULL_STRUCTURE,Cholesterolester,CE(16:0)
CE(16:1),1.6793624264005782,0.046735509769659025,0.12769651911810875,CE,CE 16:1,CE 16:1,CE 16:1,SN_POSITION,Cholesterolester,CE(16:1)
CE(18:0),-0.17962214306665406,0.35756901586518264,0.480012003928198,CE,CE 18:0,CE 18:0,CE 18:0,FULL_STRUCTURE,Cholesterolester,CE(18:0)
CE(18:1),1.1540288531989762,0.035452079469858795,0.11022744248961844,CE,CE 18:1,CE 18:1,CE 18:1,SN_POSITION,Cholesterolester,CE(18:1)
CE(18:2),1.780902797180441,0.0045591408335394325,0.035572837516052266,CE,CE 18:2,CE 18:2,CE 18:2,SN_POSITION,Cholesterolester,CE(18:2)
CE(20:4),1.9933262868384705,0.001052278038853631,0.018363949000639177,CE,CE 20:4,CE 20:4,CE 20:4,SN_POSITION,Cholesterolester,CE(20:4)
CE(22:6),1.7061774387331063,0.20809442794995633,0.3340625683113542,CE,CE 22:6,CE 22:6,CE 22:6,SN_POSITION,Cholesterolester,CE(22:6)
Cer(d18:0/14:0),-1.5863029242796296,0.023471865258994428,0.08804595362780956,Cer,Cer 32:0;O2,Cer 18:0;O2/14:0,Cer 18:0;O2/14:0,STRUCTURE_DEFINED,Ceramide,Cer(d18:0/14:0)
Cer(d18:0/16:0),-0.2561276838028095,0.5837776980421101,0.6748370398307297,Cer,Cer 34:0;O2,Cer 18:0;O2/16:0,Cer 18:0;O2/16:0,STRUCTURE_DEFINED,Ceramide,Cer(d18:0/16:0)
Cer(d18:0/18:0),0.457718518415751,0.3529156334284604,0.4784360484565132,Cer,Cer 36:0;O2,Cer 18:0;O2/18:0,Cer 18:0;O2/18:0,STRUCTURE_DEFINED,Ceramide,Cer(d18:0/18:0)
Cer(d18:0/20:0),0.831197917920298,0.14381140425973948,0.26463255001537095,Cer,Cer 38:0;O2,Cer 18:0;O2/20:0,Cer 18:0;O2/20:0,STRUCTURE_DEFINED,Ceramide,Cer(d18:0/20:0)
Cer(d18:0/22:0),0.17536754453158326,0.4241629418895197,0.5399344742640709,Cer,Cer 40:0;O2,Cer 18:0;O2/22:0,Cer 18:0;O2/22:0,STRUCTURE_DEFINED,Ceramide,Cer(d18:0/22:0)
Cer(d18:1/12:0),-1.2230753589205894,0.029613553716681545,0.10076058214292274,Cer,Cer 30:1;O2,Cer 18:1;O2/12:0,Cer 18:1;O2/12:0,SN_POSITION,Ceramide,Cer(d18:1/12:0)
Cer(d18:1/14:0),-1.7915623959955531,1.699077884606453e-4,0.006765250224553856,Cer,Cer 32:1;O2,Cer 18:1;O2/14:0,Cer 18:1;O2/14:0,SN_POSITION,Ceramide,Cer(d18:1/14:0)
Cer(d18:1/14:1),-1.4629660688344819,0.003793740001718027,0.03310344098273311,Cer,Cer 32:2;O2,Cer 18:1;O2/14:1,Cer 18:1;O2/14:1,SN_POSITION,Ceramide,Cer(d18:1/14:1)
Cer(d18:1/16:0),-0.8503953015774147,4.940478398120966e-4,0.012445147863230662,Cer,Cer 34:1;O2,Cer 18:1;O2/16:0,Cer 18:1;O2/16:0,SN_POSITION,Ceramide,Cer(d18:1/16:0)
Cer(d18:1/16:1),-0.32481516415152495,0.1114264905080829,0.22081220280173205,Cer,Cer 34:2;O2,Cer 18:1;O2/16:1,Cer 18:1;O2/16:1,SN_POSITION,Ceramide,Cer(d18:1/16:1)
Cer(d18:1/18:0),0.2507629697268702,0.14679019879145314,0.2673855136234887,Cer,Cer 36:1;O2,Cer 18:1;O2/18:0,Cer 18:1;O2/18:0,SN_POSITION,Ceramide,Cer(d18:1/18:0)
Cer(d18:1/18:1),0.21020594946101398,0.25028026936522235,0.37300723340657105,Cer,Cer 36:2;O2,Cer 18:1;O2/18:1,Cer 18:1;O2/18:1,SN_POSITION,Ceramide,Cer(d18:1/18:1)
Cer(d18:1/20:0),0.15976940771466458,0.76171344349743,0.8308205099437694,Cer,Cer 38:1;O2,Cer 18:1;O2/20:0,Cer 18:1;O2/20:0,SN_POSITION,Ceramide,Cer(d18:1/20:0)
Cer(d18:1/22:0),-0.8749763930269967,0.007455823978172678,0.04432528321089471,Cer,Cer 40:1;O2,Cer 18:1;O2/22:0,Cer 18:1;O2/22:0,SN_POSITION,Ceramide,Cer(d18:1/22:0)
Cer(d18:1/22:1),-0.5917487476268958,0.03367848793777013,0.10845274984722406,Cer,Cer 40:2;O2,Cer 18:1;O2/22:1,Cer 18:1;O2/22:1,SN_POSITION,Ceramide,Cer(d18:1/22:1)
Cer(d18:1/24:0),-0.7901830589757458,0.024475722207716138,0.09007731778486007,Cer,Cer 42:1;O2,Cer 18:1;O2/24:0,Cer 18:1;O2/24:0,SN_POSITION,Ceramide,Cer(d18:1/24:0)
Cer(d18:1/24:1),-0.6531229635695236,0.042752049845619755,0.12173083666568574,Cer,Cer 42:2;O2,Cer 18:1;O2/24:1,Cer 18:1;O2/24:1,SN_POSITION,Ceramide,Cer(d18:1/24:1)
Cer(d18:1/24:2),-0.6057704157382852,0.05998267187162667,0.15093314177930245,Cer,Cer 42:3;O2,Cer 18:1;O2/24:2,Cer 18:1;O2/24:2,SN_POSITION,Ceramide,Cer(d18:1/24:2)
Cer(d18:1/26:0),2.271889292744031,0.8132695526219383,0.8695328051732417,Cer,Cer 44:1;O2,Cer 18:1;O2/26:0,Cer 18:1;O2/26:0,SN_POSITION,Ceramide,Cer(d18:1/26:0)
Cer(d18:1/26:1),-0.5361854414307206,0.3367576069524726,0.4618664272923261,Cer,Cer 44:2;O2,Cer 18:1;O2/26:1,Cer 18:1;O2/26:1,SN_POSITION,Ceramide,Cer(d18:1/26:1)
CL(66:4),0.7800652808869596,0.6358494041344183,0.7226775790687401,CL,CL 66:4,NA,NA,SPECIES,Cardiolipin_CL,CL(66:4)
CL(68:2),1.415542659763303,0.09980462636449997,0.20608512543204,CL,CL 68:2,NA,NA,SPECIES,Cardiolipin_CL,CL(68:2)
CL(68:3),0.5282888627818854,0.46111493092996725,0.5669617673479824,CL,CL 68:3,NA,NA,SPECIES,Cardiolipin_CL,CL(68:3)
CL(68:4),1.25353498295086,0.04108592008194363,0.1201319260554192,CL,CL 68:4,NA,NA,SPECIES,Cardiolipin_CL,CL(68:4)
CL(68:5),0.7217621141601989,0.2810369035463706,0.4043642681345386,CL,CL 68:5,NA,NA,SPECIES,Cardiolipin_CL,CL(68:5)
CL(68:6),0.8554067771837899,0.14526569024013755,0.26640250311835395,CL,CL 68:6,NA,NA,SPECIES,Cardiolipin_CL,CL(68:6)
CL(70:3),0.34931997139685994,0.32640386191823406,0.45511466313856863,CL,CL 70:3,NA,NA,SPECIES,Cardiolipin_CL,CL(70:3)
CL(70:4),0.36179346919404637,0.3013718283536749,0.4279321762187352,CL,CL 70:4,NA,NA,SPECIES,Cardiolipin_CL,CL(70:4)
CL(70:5),0.9788584184117646,0.021418406149637643,0.0845792534814158,CL,CL 70:5,NA,NA,SPECIES,Cardiolipin_CL,CL(70:5)
CL(70:6),1.0241745919550505,0.05405827436191124,0.1392265316031787,CL,CL 70:6,NA,NA,SPECIES,Cardiolipin_CL,CL(70:6)
CL(70:7),1.0012799914820898,0.025230499290031138,0.09099800077271229,CL,CL 70:7,NA,NA,SPECIES,Cardiolipin_CL,CL(70:7)
CL(72:5),1.3648178370165187,0.002190534764445913,0.023701586151304778,CL,CL 72:5,NA,NA,SPECIES,Cardiolipin_CL,CL(72:5)
CL(72:6),0.6976957844084442,0.18671298063489655,0.3146782633130188,CL,CL 72:6,NA,NA,SPECIES,Cardiolipin_CL,CL(72:6)
CL(72:7),2.6198700848980345,4.205197059096284e-5,0.003975472198789297,CL,CL 72:7,NA,NA,SPECIES,Cardiolipin_CL,CL(72:7)
CL(72:8),1.0826567150652715,0.0013609721530394084,0.02038004580117408,CL,CL 72:8,NA,NA,SPECIES,Cardiolipin_CL,CL(72:8)
CL(72:9),1.7708770476325733,0.0017157254468305435,0.02158622015663544,CL,CL 72:9,NA,NA,SPECIES,Cardiolipin_CL,CL(72:9)
CL(74:10),0.9620291364471394,0.014143313037870746,0.06711870485515854,CL,CL 74:10,NA,NA,SPECIES,Cardiolipin_CL,CL(74:10)
CL(74:11),3.1920643184360284,0.0872828937628884,0.18870970854745137,CL,CL 74:11,NA,NA,SPECIES,Cardiolipin_CL,CL(74:11)
CL(74:6),0.7901486126374693,0.1233652309746206,0.23921358407623564,CL,CL 74:6,NA,NA,SPECIES,Cardiolipin_CL,CL(74:6)
CL(74:7),1.2039499510620324,0.045135160332997165,0.12712602244113738,CL,CL 74:7,NA,NA,SPECIES,Cardiolipin_CL,CL(74:7)
CL(74:8),0.986020256976558,0.03290005062282317,0.1065804035146547,CL,CL 74:8,NA,NA,SPECIES,Cardiolipin_CL,CL(74:8)
CL(74:9),0.781821125329349,0.11089398900363623,0.22072353419867743,CL,CL 74:9,NA,NA,SPECIES,Cardiolipin_CL,CL(74:9)
CL(76:11),0.629950286107932,0.2672900732040953,0.39013989415241995,CL,CL 76:11,NA,NA,SPECIES,Cardiolipin_CL,CL(76:11)
CL(76:12),0.7735000320469536,0.1727493621823177,0.29954296455331375,CL,CL 76:12,NA,NA,SPECIES,Cardiolipin_CL,CL(76:12)
CoA(16:1),1.7861347225343291,0.0013630818199938772,0.02038004580117408,CoA,CoA 16:1,CoA 16:1,CoA 16:1,SN_POSITION,acylCoA,CoA(16:1)
CoA(17:1),0.9390310399980626,0.006582587990812084,0.04193916155984714,CoA,CoA 17:1,CoA 17:1,CoA 17:1,SN_POSITION,acylCoA,CoA(17:1)
CoA(18:1),1.4882942661227418,0.0016310692519279132,0.02129442774950397,CoA,CoA 18:1,CoA 18:1,CoA 18:1,SN_POSITION,acylCoA,CoA(18:1)
CoA(18:2),2.227836795941832,0.0012665379089694447,0.02038004580117408,CoA,CoA 18:2,CoA 18:2,CoA 18:2,SN_POSITION,acylCoA,CoA(18:2)
CoA(18:3),2.4110701447119656,1.2101535426061979e-4,0.005951755150454118,CoA,CoA 18:3,CoA 18:3,CoA 18:3,SN_POSITION,acylCoA,CoA(18:3)
DG(30:0),0.7076323735539789,0.046574925328142835,0.12769651911810875,DG,DG 30:0,NA,NA,SPECIES,1_2-DG,DG(30:0)
DG(30:1),0.43679639854575114,0.19073040869870553,0.3194586721547978,DG,DG 30:1,NA,NA,SPECIES,1_2-DG,DG(30:1)
DG(32:0),0.4203259830958211,0.14195534905147145,0.26300631450974676,DG,DG 32:0,NA,NA,SPECIES,1_2-DG,DG(32:0)
DG(32:1),-0.0760419416531132,0.8473480331633517,0.8929154531149393,DG,DG 32:1,NA,NA,SPECIES,1_2-DG,DG(32:1)
DG(32:2),0.2521478635376845,0.22265230370443997,0.34914462696841164,DG,DG 32:2,NA,NA,SPECIES,1_2-DG,DG(32:2)
DG(34:0),1.778103531616317,0.0021288674088195967,0.02350443404431432,DG,DG 34:0,NA,NA,SPECIES,1_2-DG,DG(34:0)
DG(34:1),-0.11433006699977873,0.4944124062950278,0.5957173982307573,DG,DG 34:1,NA,NA,SPECIES,1_2-DG,DG(34:1)
DG(34:2),0.04341023656315413,0.7167702474514713,0.7929912144606257,DG,DG 34:2,NA,NA,SPECIES,1_2-DG,DG(34:2)
DG(34:3),-0.2194407308156101,0.41062888067617476,0.5289291058233585,DG,DG 34:3,NA,NA,SPECIES,1_2-DG,DG(34:3)
DG(36:0),2.8680193533081697,0.1494866619427553,0.27039144686640787,DG,DG 36:0,NA,NA,SPECIES,1_2-DG,DG(36:0)
DG(36:1),1.1220387529145268,0.0016531718400723968,0.02129442774950397,DG,DG 36:1,NA,NA,SPECIES,1_2-DG,DG(36:1)
DG(36:2),-0.4473332618567905,0.03278420877061827,0.1065804035146547,DG,DG 36:2,NA,NA,SPECIES,1_2-DG,DG(36:2)
DG(36:3),-0.32494748211561675,0.22850632424944511,0.3562342981415731,DG,DG 36:3,NA,NA,SPECIES,1_2-DG,DG(36:3)
DG(36:5),-3.1483554923793453,0.41580601248669447,0.5317991790905477,DG,DG 36:5,NA,NA,SPECIES,1_2-DG,DG(36:5)
DG(38:2),0.22428924717054283,0.14612775189107644,0.26707808707119035,DG,DG 38:2,NA,NA,SPECIES,1_2-DG,DG(38:2)
DG(38:3),0.047911859660451965,0.6911799480686682,0.7709862925879372,DG,DG 38:3,NA,NA,SPECIES,1_2-DG,DG(38:3)
DG(38:4),-0.7491092777212607,0.012557078978684905,0.06348953016325733,DG,DG 38:4,NA,NA,SPECIES,1_2-DG,DG(38:4)
DG(38:5),-1.6829764837459011,7.384872525417329e-4,0.014895135607079429,DG,DG 38:5,NA,NA,SPECIES,1_2-DG,DG(38:5)
DG(38:6),-1.9798531775923642,0.0012890622244623791,0.02038004580117408,DG,DG 38:6,NA,NA,SPECIES,1_2-DG,DG(38:6)
DG(40:6),-1.6598158850805276,0.00143150044444476,0.02038004580117408,DG,DG 40:6,NA,NA,SPECIES,1_2-DG,DG(40:6)
DG(40:7),-1.9404647498355914,0.004049763332852575,0.03477653909640068,DG,DG 40:7,NA,NA,SPECIES,1_2-DG,DG(40:7)
DG(O-32:0),0.2068124961189978,0.36976082792531223,0.4890968408498628,DG O-,DG O-32:0,NA,NA,SPECIES,DG-O,DG(O-32:0)
DG(O-32:1),0.00450359592219379,0.892673142825988,0.9269408258519376,DG O-,DG O-32:1,NA,NA,SPECIES,DG-O,DG(O-32:1)
DG(O-34:0),1.1889676562690878,8.890729943115664e-5,0.005262162381472316,DG O-,DG O-34:0,NA,NA,SPECIES,DG-O,DG(O-34:0)
DG(O-34:1),4.59642552580966e-4,0.8702154102371822,0.9071031540237293,DG O-,DG O-34:1,NA,NA,SPECIES,DG-O,DG(O-34:1)
DG(O-34:2),0.024495527470252354,0.8012413486565646,0.8634891825163374,DG O-,DG O-34:2,NA,NA,SPECIES,DG-O,DG(O-34:2)
DG(O-34:3),-0.42995182563295126,0.37428907116036797,0.4938789938969734,DG O-,DG O-34:3,NA,NA,SPECIES,DG-O,DG(O-34:3)
DG(O-34:4),-0.561739267046365,0.26754510301395157,0.39013989415241995,DG O-,DG O-34:4,NA,NA,SPECIES,DG-O,DG(O-34:4)
DG(O-36:0),1.0900831496423957,0.11097375471726481,0.22072353419867743,DG O-,DG O-36:0,NA,NA,SPECIES,DG-O,DG(O-36:0)
DG(O-36:1),0.7447275196447722,0.010239482324880575,0.05652612181388154,DG O-,DG O-36:1,NA,NA,SPECIES,DG-O,DG(O-36:1)
DG(O-36:2),-0.06209595941928125,0.938850774569061,0.9619664186398902,DG O-,DG O-36:2,NA,NA,SPECIES,DG-O,DG(O-36:2)
DG(O-36:3),-0.189962434906384,0.7747449918006614,0.8433340856421685,DG O-,DG O-36:3,NA,NA,SPECIES,DG-O,DG(O-36:3)
DG(O-36:4),-0.3762672899411013,0.5999750680685428,0.6891433372082413,DG O-,DG O-36:4,NA,NA,SPECIES,DG-O,DG(O-36:4)
DG(O-36:5),-2.1498939977242517,0.0014137665590622653,0.02038004580117408,DG O-,DG O-36:5,NA,NA,SPECIES,DG-O,DG(O-36:5)
DG(O-38:2),0.36521671670753725,0.22946823503811056,0.3562342981415731,DG O-,DG O-38:2,NA,NA,SPECIES,DG-O,DG(O-38:2)
DG(O-38:3),0.1016416526504589,0.816557029360923,0.8713162778782235,DG O-,DG O-38:3,NA,NA,SPECIES,DG-O,DG(O-38:3)
DG(O-38:4),-0.16267612250917643,0.574292508002562,0.6660733171915587,DG O-,DG O-38:4,NA,NA,SPECIES,DG-O,DG(O-38:4)
DG(O-38:5),-1.4648027037009157,0.015928947426829997,0.07150265817508941,DG O-,DG O-38:5,NA,NA,SPECIES,DG-O,DG(O-38:5)
DG(O-38:6),-1.428131861980329,0.013268292661397167,0.06576517280680501,DG O-,DG O-38:6,NA,NA,SPECIES,DG-O,DG(O-38:6)
DG(O-40:5),0.06560169953823577,0.8570071005916371,0.897773956056197,DG O-,DG O-40:5,NA,NA,SPECIES,DG-O,DG(O-40:5)
DG(O-40:6),-1.1868829468931834,0.011551809361316242,0.06113894140034284,DG O-,DG O-40:6,NA,NA,SPECIES,DG-O,DG(O-40:6)
DG(O-40:7),-2.385082473494584,0.18266531688991852,0.31076080640706266,DG O-,DG O-40:7,NA,NA,SPECIES,DG-O,DG(O-40:7)
FA(14:0),-0.13609183420867577,0.1683548670903093,0.2935133766691237,FA,FA 14:0,FA 14:0,FA 14:0,FULL_STRUCTURE,fattyacid,FA 14:0
FA(16:0),-0.2813914346318864,0.021181140176674704,0.08434365866831862,FA,FA 16:0,FA 16:0,FA 16:0,FULL_STRUCTURE,fattyacid,FA 16:0
FA(16:1),0.5739884620172917,0.06298376143165002,0.15391708066399004,FA,FA 16:1,FA 16:1,FA 16:1,SN_POSITION,fattyacid,FA 16:1
FA(18:0),-0.5995432489765127,0.005246497393251737,0.03734677749669986,FA,FA 18:0,FA 18:0,FA 18:0,FULL_STRUCTURE,fattyacid,FA 18:0
FA(18:1),0.5706883321724028,0.06100773468470577,0.1516722848111323,FA,FA 18:1,FA 18:1,FA 18:1,SN_POSITION,fattyacid,FA 18:1
FA(18:2),0.8450374630478155,0.00798529770058333,0.046957022347995446,FA,FA 18:2,FA 18:2,FA 18:2,SN_POSITION,fattyacid,FA 18:2
FA(18:3),0.629838130719248,0.011073934235510542,0.05990998421411203,FA,FA 18:3,FA 18:3,FA 18:3,SN_POSITION,fattyacid,FA 18:3
FA(20:0),-0.2902879626433639,0.04582176409615858,0.12712602244113738,FA,FA 20:0,FA 20:0,FA 20:0,FULL_STRUCTURE,fattyacid,FA 20:0
FA(20:1),0.39220285774100966,0.22132879117787843,0.34914462696841164,FA,FA 20:1,FA 20:1,FA 20:1,SN_POSITION,fattyacid,FA 20:1
FA(20:2),0.310595919400754,0.32873391880208364,0.4563701872612809,FA,FA 20:2,FA 20:2,FA 20:2,SN_POSITION,fattyacid,FA 20:2
FA(20:3),-0.2898180017806697,0.4907037412348464,0.5938942371544785,FA,FA 20:3,FA 20:3,FA 20:3,SN_POSITION,fattyacid,FA 20:3
FA(20:4),0.0011687954179104025,0.9884154429773153,0.9902458419457918,FA,FA 20:4,FA 20:4,FA 20:4,SN_POSITION,fattyacid,FA 20:4
FA(20:5),-0.18204895733168852,0.6372385228624304,0.7227380311710164,FA,FA 20:5,FA 20:5,FA 20:5,SN_POSITION,fattyacid,FA 20:5
FA(22:0),-0.16126314591685675,0.1861193097699898,0.314657958079889,FA,FA 22:0,FA 22:0,FA 22:0,FULL_STRUCTURE,fattyacid,FA 22:0
FA(22:1),0.42458010909420946,0.06419290541811228,0.15434827480532776,FA,FA 22:1,FA 22:1,FA 22:1,SN_POSITION,fattyacid,FA 22:1
FA(22:2),0.9888610788371519,0.020953852235319502,0.08434365866831862,FA,FA 22:2,FA 22:2,FA 22:2,SN_POSITION,fattyacid,FA 22:2
FA(22:3),-0.578813444468764,0.34480295926105914,0.46965188681125325,FA,FA 22:3,FA 22:3,FA 22:3,SN_POSITION,fattyacid,FA 22:3
FA(22:4),-0.372834735560024,0.44315836021994354,0.5557913458919042,FA,FA 22:4,FA 22:4,FA 22:4,SN_POSITION,fattyacid,FA 22:4
FA(22:5),-0.7990210821303031,0.0865341752033038,0.18801200315255964,FA,FA 22:5,FA 22:5,FA 22:5,SN_POSITION,fattyacid,FA 22:5
FA(22:6),-0.5337749312313906,0.15827131376179937,0.28193810483444603,FA,FA 22:6,FA 22:6,FA 22:6,SN_POSITION,fattyacid,FA 22:6
FA(24:0),-0.16286110664350173,0.12612787233436432,0.24282981826651634,FA,FA 24:0,FA 24:0,FA 24:0,FULL_STRUCTURE,fattyacid,FA 24:0
FA(24:1),0.10286791214865568,0.3638065037840283,0.48477664666788006,FA,FA 24:1,FA 24:1,FA 24:1,SN_POSITION,fattyacid,FA 24:1
FA(24:2),1.001713626787124,0.0037153265341748234,0.03310344098273311,FA,FA 24:2,FA 24:2,FA 24:2,SN_POSITION,fattyacid,FA 24:2
FA(26:0),-0.04960204853362135,0.7060553574836271,0.7827375991775456,FA,FA 26:0,FA 26:0,FA 26:0,FULL_STRUCTURE,fattyacid,FA 26:0
FA(26:1),0.004186815473624325,0.9272567843820365,0.9536994683473037,FA,FA 26:1,FA 26:1,FA 26:1,SN_POSITION,fattyacid,FA 26:1
LPA(16:0),-0.824078816466001,0.13395764898068457,0.25295012161974484,LPA,LPA 16:0,LPA 16:0,LPA 16:0/0:0,MOLECULAR_SPECIES,LPA,LPA(16:0)
LPA(18:1),-0.4219672907022883,0.10303571614917148,0.21034838655359162,LPA,LPA 18:1,LPA 18:1,LPA 18:1/0:0,MOLECULAR_SPECIES,LPA,LPA(18:1)
LPA(18:2),0.3826727883528525,0.4577052357628353,0.5669617673479824,LPA,LPA 18:2,LPA 18:2,LPA 18:2/0:0,MOLECULAR_SPECIES,LPA,LPA(18:2)
LPA(20:4),0.1642760910083244,0.6969319834396928,0.7744899143981029,LPA,LPA 20:4,LPA 20:4,LPA 20:4/0:0,MOLECULAR_SPECIES,LPA,LPA(20:4)
LPC(14:0),0.2206094938632641,0.48016823195280256,0.5863905496308492,LPC,LPC 14:0,LPC 14:0,LPC 14:0/0:0,MOLECULAR_SPECIES,LPC,LPC(14:0)
LPC(16:0),0.26243422196635857,0.1300999476706787,0.24870696710189816,LPC,LPC 16:0,LPC 16:0,LPC 16:0/0:0,MOLECULAR_SPECIES,LPC,LPC(16:0)
LPC(16:1),0.11613382583437666,0.4839232879118899,0.5883202219333312,LPC,LPC 16:1,LPC 16:1,LPC 16:1/0:0,MOLECULAR_SPECIES,LPC,LPC(16:1)
LPC(18:0),-0.11369673632368071,0.398743168698537,0.5173142788151283,LPC,LPC 18:0,LPC 18:0,LPC 18:0/0:0,MOLECULAR_SPECIES,LPC,LPC(18:0)
LPC(18:1),0.08205678668567713,0.6687061381906074,0.7474587205808236,LPC,LPC 18:1,LPC 18:1,LPC 18:1/0:0,MOLECULAR_SPECIES,LPC,LPC(18:1)
LPC(18:2),0.4078320706709829,0.046296664479502043,0.12769651911810875,LPC,LPC 18:2,LPC 18:2,LPC 18:2/0:0,MOLECULAR_SPECIES,LPC,LPC(18:2)
LPC(18:3),1.811816456375003,3.5066686714857135e-6,6.323692504245904e-4,LPC,LPC 18:3,LPC 18:3,LPC 18:3/0:0,MOLECULAR_SPECIES,LPC,LPC(18:3)
LPC(20:0),0.3478294486325659,0.33341391058992986,0.4589743654685803,LPC,LPC 20:0,LPC 20:0,LPC 20:0/0:0,MOLECULAR_SPECIES,LPC,LPC(20:0)
LPC(20:1),-0.2710598386160203,0.6573509808632193,0.7393490242141406,LPC,LPC 20:1,LPC 20:1,LPC 20:1/0:0,MOLECULAR_SPECIES,LPC,LPC(20:1)
LPC(20:2),-0.0788210317105594,0.9603243075012544,0.9744276360810109,LPC,LPC 20:2,LPC 20:2,LPC 20:2/0:0,MOLECULAR_SPECIES,LPC,LPC(20:2)
LPC(20:3),-0.6587728639577648,0.06556011808567586,0.15624680125264598,LPC,LPC 20:3,LPC 20:3,LPC 20:3/0:0,MOLECULAR_SPECIES,LPC,LPC(20:3)
LPC(20:4),0.1774780762400388,0.2697206774810383,0.3912034491078866,LPC,LPC 20:4,LPC 20:4,LPC 20:4/0:0,MOLECULAR_SPECIES,LPC,LPC(20:4)
LPC(20:5),-0.42721113989105214,0.5052930027428564,0.6061275265718077,LPC,LPC 20:5,LPC 20:5,LPC 20:5/0:0,MOLECULAR_SPECIES,LPC,LPC(20:5)
LPC(22:4),0.8818009592279039,0.173589621027242,0.30003829065730964,LPC,LPC 22:4,LPC 22:4,LPC 22:4/0:0,MOLECULAR_SPECIES,LPC,LPC(22:4)
LPC(22:5),-0.3313634316058177,0.3613639770115778,0.48271089274879897,LPC,LPC 22:5,LPC 22:5,LPC 22:5/0:0,MOLECULAR_SPECIES,LPC,LPC(22:5)
LPC(22:6),-0.40804838598831533,0.021024172111931468,0.08434365866831862,LPC,LPC 22:6,LPC 22:6,LPC 22:6/0:0,MOLECULAR_SPECIES,LPC,LPC(22:6)
LPC(24:0),1.1829511844678344,0.015628064960051778,0.07150265817508941,LPC,LPC 24:0,LPC 24:0,LPC 24:0/0:0,MOLECULAR_SPECIES,LPC,LPC(24:0)
LPC(O-16:0),0.25246119303003955,0.27640334868759436,0.39875789770663617,LPC O-,LPC O-16:0,LPC O-16:0,LPC O-16:0/0:0,MOLECULAR_SPECIES,LPC-O,LPC(O-16:0)
LPC(O-18:0),1.771264242516609,0.05769113802548043,0.14584535360647155,LPC O-,LPC O-18:0,LPC O-18:0,LPC O-18:0/0:0,MOLECULAR_SPECIES,LPC-O,LPC(O-18:0)
LPC(O-18:1),0.800975298942854,0.0028929109006876346,0.028455723586763824,LPC O-,LPC O-18:1,LPC O-18:1,LPC O-18:1/0:0,MOLECULAR_SPECIES,LPC-O,LPC(O-18:1)
LPC(O-20:0),1.4466184728236637,0.027883788315250766,0.09859561750686709,LPC O-,LPC O-20:0,LPC O-20:0,LPC O-20:0/0:0,MOLECULAR_SPECIES,LPC-O,LPC(O-20:0)
LPC(O-22:0),2.526727678372513,8.67379296878244e-4,0.016181110331418277,LPC O-,LPC O-22:0,LPC O-22:0,LPC O-22:0/0:0,MOLECULAR_SPECIES,LPC-O,LPC(O-22:0)
LPE(14:0),-0.20612746616484273,0.02816112463178053,0.09862957469770126,LPE,LPE 14:0,LPE 14:0,LPE 14:0/0:0,MOLECULAR_SPECIES,LPE,LPE(14:0)
LPE(16:0),0.2726250655782294,0.10948968115996978,0.2202004368310173,LPE,LPE 16:0,LPE 16:0,LPE 16:0/0:0,MOLECULAR_SPECIES,LPE,LPE(16:0)
LPE(16:1),0.2839637485279148,0.32899144737874225,0.4563701872612809,LPE,LPE 16:1,LPE 16:1,LPE 16:1/0:0,MOLECULAR_SPECIES,LPE,LPE(16:1)
LPE(18:0),0.13679623226846896,0.5100024992901995,0.6069880224513247,LPE,LPE 18:0,LPE 18:0,LPE 18:0/0:0,MOLECULAR_SPECIES,LPE,LPE(18:0)
LPE(18:1),0.06246551460556926,0.8579466456211717,0.897773956056197,LPE,LPE 18:1,LPE 18:1,LPE 18:1/0:0,MOLECULAR_SPECIES,LPE,LPE(18:1)
LPE(18:2),0.2430606778478908,0.4787457293095436,0.5863905496308492,LPE,LPE 18:2,LPE 18:2,LPE 18:2/0:0,MOLECULAR_SPECIES,LPE,LPE(18:2)
LPE(18:3),0.7346538326873358,0.1633121951393893,0.28779119729775116,LPE,LPE 18:3,LPE 18:3,LPE 18:3/0:0,MOLECULAR_SPECIES,LPE,LPE(18:3)
LPE(20:2),0.756729609533416,0.015889078930943344,0.07150265817508941,LPE,LPE 20:2,LPE 20:2,LPE 20:2/0:0,MOLECULAR_SPECIES,LPE,LPE(20:2)
LPE(20:3),-0.01565678637298311,0.42743292154130585,0.5415485024680246,LPE,LPE 20:3,LPE 20:3,LPE 20:3/0:0,MOLECULAR_SPECIES,LPE,LPE(20:3)
LPE(20:4),-0.10420144086696694,0.5689464383161278,0.6630339557408121,LPE,LPE 20:4,LPE 20:4,LPE 20:4/0:0,MOLECULAR_SPECIES,LPE,LPE(20:4)
LPE(22:4),0.6577516394729153,0.15617303801455654,0.2805462643929479,LPE,LPE 22:4,LPE 22:4,LPE 22:4/0:0,MOLECULAR_SPECIES,LPE,LPE(22:4)
LPE(22:5),-0.1277497464760925,0.5689031138364548,0.6630339557408121,LPE,LPE 22:5,LPE 22:5,LPE 22:5/0:0,MOLECULAR_SPECIES,LPE,LPE(22:5)
LPE(22:6),-0.4180384371636049,0.09164727247353634,0.1952014740479652,LPE,LPE 22:6,LPE 22:6,LPE 22:6/0:0,MOLECULAR_SPECIES,LPE,LPE(22:6)
LPE(24:2),0.6536129175645855,0.15660808104744967,0.2805462643929479,LPE,LPE 24:2,LPE 24:2,LPE 24:2/0:0,MOLECULAR_SPECIES,LPE,LPE(24:2)
LPE(O-16:0),0.9031638306368569,0.00666685377845999,0.04193916155984714,LPE O-,LPE O-16:0,LPE O-16:0,LPE O-16:0/0:0,MOLECULAR_SPECIES,LPE-O,LPE(O-16:0)
LPE(O-18:0),1.03658601323735,6.972260439631121e-4,0.014895135607079429,LPE O-,LPE O-18:0,LPE O-18:0,LPE O-18:0/0:0,MOLECULAR_SPECIES,LPE-O,LPE(O-18:0)
LPE(O-18:1),0.5501261620038327,0.023598268532407367,0.08804595362780956,LPE O-,LPE O-18:1,LPE O-18:1,LPE O-18:1/0:0,MOLECULAR_SPECIES,LPE-O,LPE(O-18:1)
LPE(O-20:3),0.6188874880344927,0.09310218054031962,0.19598552401678176,LPE O-,LPE O-20:3,LPE O-20:3,LPE O-20:3/0:0,MOLECULAR_SPECIES,LPE-O,LPE(O-20:3)
LPE(O-20:4),0.6882929316172897,0.006408449469539493,0.04193916155984714,LPE O-,LPE O-20:4,LPE O-20:4,LPE O-20:4/0:0,MOLECULAR_SPECIES,LPE-O,LPE(O-20:4)
LPE(O-22:6),0.5991137900787529,0.36645079290211724,0.4871004397052713,LPE O-,LPE O-22:6,LPE O-22:6,LPE O-22:6/0:0,MOLECULAR_SPECIES,LPE-O,LPE(O-22:6)
LPG(16:0),-0.9419639959306636,0.07578342654525977,0.17082847400410642,LPG,LPG 16:0,LPG 16:0,LPG 16:0/0:0,MOLECULAR_SPECIES,LPG,LPG(16:0)
LPG(18:1),15.399264101268757,1.2263371249061118e-10,6.634483845742065e-8,LPG,LPG 18:1,LPG 18:1,LPG 18:1/0:0,MOLECULAR_SPECIES,LPG,LPG(18:1)
LPG(18:2),13.973771945344144,1.0588223675094035e-9,2.8641145041129363e-7,LPG,LPG 18:2,LPG 18:2,LPG 18:2/0:0,MOLECULAR_SPECIES,LPG,LPG(18:2)
LPI(16:0),-0.9953904793002782,0.1684051264836552,0.2935133766691237,LPI,LPI 16:0,LPI 16:0,LPI 16:0/0:0,MOLECULAR_SPECIES,LPI,LPI(16:0)
LPI(16:1),-1.0371424135580307,0.22980733835750278,0.3562342981415731,LPI,LPI 16:1,LPI 16:1,LPI 16:1/0:0,MOLECULAR_SPECIES,LPI,LPI(16:1)
LPI(18:0),1.1619297456643922,0.040465859553696984,0.1201319260554192,LPI,LPI 18:0,LPI 18:0,LPI 18:0/0:0,MOLECULAR_SPECIES,LPI,LPI(18:0)
LPI(18:1),-0.9783719818453611,0.00473427782099032,0.035572837516052266,LPI,LPI 18:1,LPI 18:1,LPI 18:1/0:0,MOLECULAR_SPECIES,LPI,LPI(18:1)
LPI(20:4),0.46136387376308086,0.23964195310151845,0.3648319376256113,LPI,LPI 20:4,LPI 20:4,LPI 20:4/0:0,MOLECULAR_SPECIES,LPI,LPI(20:4)
LPI(26:0),1.0373357571192114,0.18122012478006116,0.3092747239937322,LPI,LPI 26:0,LPI 26:0,LPI 26:0/0:0,MOLECULAR_SPECIES,LPI,LPI(26:0)
LPI(28:0),1.47120677639934,0.004694089842866254,0.035572837516052266,LPI,LPI 28:0,LPI 28:0,LPI 28:0/0:0,MOLECULAR_SPECIES,LPI,LPI(28:0)
LPI(28:1),1.5393127579701902,0.009463567775705194,0.05333114756933865,LPI,LPI 28:1,LPI 28:1,LPI 28:1/0:0,MOLECULAR_SPECIES,LPI,LPI(28:1)
LPS(16:0),-1.9190059165917008,0.004627770893236868,0.035572837516052266,LPS,LPS 16:0,LPS 16:0,LPS 16:0/0:0,MOLECULAR_SPECIES,LPS,LPS(16:0)
LPS(18:0),0.6957995506419447,0.09241657998778371,0.19598552401678176,LPS,LPS 18:0,LPS 18:0,LPS 18:0/0:0,MOLECULAR_SPECIES,LPS,LPS(18:0)
LPS(18:1),0.9500910790449724,0.0386216664856743,0.11763073703983364,LPS,LPS 18:1,LPS 18:1,LPS 18:1/0:0,MOLECULAR_SPECIES,LPS,LPS(18:1)
LPS(18:2),3.804925912719943,0.003559256928188671,0.03310344098273311,LPS,LPS 18:2,LPS 18:2,LPS 18:2/0:0,MOLECULAR_SPECIES,LPS,LPS(18:2)
LPS(20:4),0.0807396077282042,0.5972466360740696,0.6874690002469609,LPS,LPS 20:4,LPS 20:4,LPS 20:4/0:0,MOLECULAR_SPECIES,LPS,LPS(20:4)
LPS(22:6),0.3216026241474235,0.32990631788345043,0.4564688439256948,LPS,LPS 22:6,LPS 22:6,LPS 22:6/0:0,MOLECULAR_SPECIES,LPS,LPS(22:6)
MG(16:0),0.2907369423129458,0.06787116423845549,0.15964478196958443,MG,MG 16:0,NA,NA,SPECIES,MG,MG(16:0)
MG(16:1),-0.08038871164694722,0.8316646750664398,0.8839500770352532,MG,MG 16:1,NA,NA,SPECIES,MG,MG(16:1)
MG(18:0),-0.18115995904805773,0.07565229849825571,0.17082847400410642,MG,MG 18:0,NA,NA,SPECIES,MG,MG(18:0)
MG(18:1),-0.6004681376601106,0.018423083665163213,0.07756984131272227,MG,MG 18:1,NA,NA,SPECIES,MG,MG(18:1)
MG(18:2),-0.45814520796015534,0.09577381578373827,0.1992832089961631,MG,MG 18:2,NA,NA,SPECIES,MG,MG(18:2)
MG(20:4),1.783899097433471,0.004310545448683646,0.035572837516052266,MG,MG 20:4,NA,NA,SPECIES,MG,MG(20:4)
MG(22:6),-0.5632779145704643,0.29620117726375284,0.4216969392097113,MG,MG 22:6,NA,NA,SPECIES,MG,MG(22:6)
PA(30:0),0.6755603389292879,0.14993980417730565,0.27039144686640787,PA,PA 30:0,NA,NA,SPECIES,PA,PA(30:0)
PA(32:0),-0.05176009992459481,0.9043448315677249,0.9333096797876196,PA,PA 32:0,NA,NA,SPECIES,PA,PA(32:0)
PA(32:1),-0.9337767376859253,0.0416261270330958,0.1201319260554192,PA,PA 32:1,NA,NA,SPECIES,PA,PA(32:1)
PA(32:2),-0.8415694816025391,0.1994682312419454,0.32800095167748466,PA,PA 32:2,NA,NA,SPECIES,PA,PA(32:2)
PA(34:1),-0.6115585378762959,0.03145428386742479,0.10408450204030235,PA,PA 34:1,NA,NA,SPECIES,PA,PA(34:1)
PA(34:2),-0.6558403985032025,0.08218528979925417,0.18000907603804253,PA,PA 34:2,NA,NA,SPECIES,PA,PA(34:2)
PA(34:3),-0.5543758233469464,0.20147965863254255,0.3287016880880591,PA,PA 34:3,NA,NA,SPECIES,PA,PA(34:3)
PA(36:1),0.9073731534516712,0.018496320756638023,0.07756984131272227,PA,PA 36:1,NA,NA,SPECIES,PA,PA(36:1)
PA(36:2),0.2804519955877406,0.2757580291161465,0.39875789770663617,PA,PA 36:2,NA,NA,SPECIES,PA,PA(36:2)
PA(36:3),-0.18593033851535606,0.4609308453723272,0.5669617673479824,PA,PA 36:3,NA,NA,SPECIES,PA,PA(36:3)
PA(36:4),-0.4365412372575572,0.16138966950223277,0.286268233444944,PA,PA 36:4,NA,NA,SPECIES,PA,PA(36:4)
PA(36:5),-0.5090038114994154,0.2033680686566242,0.330396772201903,PA,PA 36:5,NA,NA,SPECIES,PA,PA(36:5)
PA(38:3),0.662529401288189,0.0014794150689261115,0.02052214236638529,PA,PA 38:3,NA,NA,SPECIES,PA,PA(38:3)
PA(38:4),-0.08342642773682532,0.43788023489635686,0.5521986178996016,PA,PA 38:4,NA,NA,SPECIES,PA,PA(38:4)
PA(38:5),-0.4483526063487894,0.04840749513324518,0.1307715300153874,PA,PA 38:5,NA,NA,SPECIES,PA,PA(38:5)
PA(38:6),7.205640338014234e-4,0.9945614404377574,0.9945614404377574,PA,PA 38:6,NA,NA,SPECIES,PA,PA(38:6)
PA(40:4),1.4498842226117485,0.011972934063778536,0.06113894140034284,PA,PA 40:4,NA,NA,SPECIES,PA,PA(40:4)
PA(40:5),0.5806786946245611,0.131287490805763,0.2500934243870344,PA,PA 40:5,NA,NA,SPECIES,PA,PA(40:5)
PA(40:6),0.26694419645142314,0.17636809441292972,0.3019466426499841,PA,PA 40:6,NA,NA,SPECIES,PA,PA(40:6)
PA(40:7),0.3306740973490357,0.1382830701029209,0.25708295850749213,PA,PA 40:7,NA,NA,SPECIES,PA,PA(40:7)
PC(28:0),0.5572754967785714,0.11896841472618722,0.23235347424861835,PC,PC 28:0,NA,NA,SPECIES,PC,PC(28:0)
PC(30:0),0.6225173435938257,0.15842732693100112,0.28193810483444603,PC,PC 30:0,NA,NA,SPECIES,PC,PC(30:0)
PC(30:1),0.13412155607087617,0.6525045788316927,0.7364967137374047,PC,PC 30:1,NA,NA,SPECIES,PC,PC(30:1)
PC(32:0),0.5289758517633076,0.09157437056537597,0.1952014740479652,PC,PC 32:0,NA,NA,SPECIES,PC,PC(32:0)
PC(32:1),-0.2616862377381038,0.38552944698804936,0.5050155709940307,PC,PC 32:1,NA,NA,SPECIES,PC,PC(32:1)
PC(32:2),-0.0316104720280814,0.9474251854081183,0.9652674676191939,PC,PC 32:2,NA,NA,SPECIES,PC,PC(32:2)
PC(32:3),1.6184109709438668,0.5688946572878544,0.6630339557408121,PC,PC 32:3,NA,NA,SPECIES,PC,PC(32:3)
PC(34:0),0.47628476724927565,0.029511593570471978,0.10076058214292274,PC,PC 34:0,NA,NA,SPECIES,PC,PC(34:0)
PC(34:1),0.18880681017339235,0.5092131870943631,0.6069880224513247,PC,PC 34:1,NA,NA,SPECIES,PC,PC(34:1)
PC(34:2),-0.037073686346173064,0.7196545125946645,0.793909230428177,PC,PC 34:2,NA,NA,SPECIES,PC,PC(34:2)
PC(34:3),0.001848977231062017,0.9455441904503424,0.965168692516293,PC,PC 34:3,NA,NA,SPECIES,PC,PC(34:3)
PC(34:4),-0.6639244198221185,0.29177491213210927,0.4164913653389739,PC,PC 34:4,NA,NA,SPECIES,PC,PC(34:4)
PC(36:0),-0.13408449275692821,0.9797093813106641,0.9851724447752218,PC,PC 36:0,NA,NA,SPECIES,PC,PC(36:0)
PC(36:1),0.9250690881268312,0.006635917121597828,0.04193916155984714,PC,PC 36:1,NA,NA,SPECIES,PC,PC(36:1)
PC(36:2),0.9639824118145044,6.287388481017851e-5,0.004251846460288322,PC,PC 36:2,NA,NA,SPECIES,PC,PC(36:2)
PC(36:3),0.25384362458844456,0.303512820074282,0.4298440724088653,PC,PC 36:3,NA,NA,SPECIES,PC,PC(36:3)
PC(36:4),0.23068176212471203,0.4117132548060136,0.5290662015440698,PC,PC 36:4,NA,NA,SPECIES,PC,PC(36:4)
PC(36:5),0.059261118533640154,0.8979789682375078,0.930664026468375,PC,PC 36:5,NA,NA,SPECIES,PC,PC(36:5)
PC(36:6),-0.6943701842269576,0.4821954829235038,0.5875399915802152,PC,PC 36:6,NA,NA,SPECIES,PC,PC(36:6)
PC(38:2),0.9200233961386549,0.010946140703837953,0.059816789098750836,PC,PC 38:2,NA,NA,SPECIES,PC,PC(38:2)
PC(38:3),0.6050678798205986,0.0060645822940630645,0.04193916155984714,PC,PC 38:3,NA,NA,SPECIES,PC,PC(38:3)
PC(38:4),0.6987256369266259,9.769193490089304e-4,0.017617112260461046,PC,PC 38:4,NA,NA,SPECIES,PC,PC(38:4)
PC(38:5),0.3826869037865209,0.08132212291682892,0.17884255486993678,PC,PC 38:5,NA,NA,SPECIES,PC,PC(38:5)
PC(38:6),0.2902594174612817,0.344389744572028,0.46965188681125325,PC,PC 38:6,NA,NA,SPECIES,PC,PC(38:6)
PC(38:7),0.10603221625636329,0.7229202847353007,0.7949184431743855,PC,PC 38:7,NA,NA,SPECIES,PC,PC(38:7)
PC(40:3),0.7279395389628189,0.135091773179211,0.25314158346574334,PC,PC 40:3,NA,NA,SPECIES,PC,PC(40:3)
PC(40:4),1.2486767918666097,0.013829074856674409,0.06679937051304335,PC,PC 40:4,NA,NA,SPECIES,PC,PC(40:4)
PC(40:5),0.8432092098642547,0.025154838909629502,0.09099800077271229,PC,PC 40:5,NA,NA,SPECIES,PC,PC(40:5)
PC(40:6),0.32788960819339413,0.2080296045411183,0.3340625683113542,PC,PC 40:6,NA,NA,SPECIES,PC,PC(40:6)
PC(40:7),0.23732548131966627,0.4438112041133135,0.5557913458919042,PC,PC 40:7,NA,NA,SPECIES,PC,PC(40:7)
PC(40:8),1.2598682679227897,0.0017590324694285245,0.021628103771837083,PC,PC 40:8,NA,NA,SPECIES,PC,PC(40:8)
PC(40:9),0.4607700585020477,0.2441143050537068,0.3658333491248071,PC,PC 40:9,NA,NA,SPECIES,PC,PC(40:9)
PC(42:4),1.0243253140442141,0.06416299849125175,0.15434827480532776,PC,PC 42:4,NA,NA,SPECIES,PC,PC(42:4)
PC(42:5),0.9849135800459022,0.04872036330520853,0.1307715300153874,PC,PC 42:5,NA,NA,SPECIES,PC,PC(42:5)
PC(42:6),1.0671701613581288,0.026526166479060656,0.0950374573852438,PC,PC 42:6,NA,NA,SPECIES,PC,PC(42:6)
PC(42:7),0.7607152152604512,0.04882781712219641,0.1307715300153874,PC,PC 42:7,NA,NA,SPECIES,PC,PC(42:7)
PC(42:8),-0.42652415690250095,0.08583348067421281,0.1872415848578594,PC,PC 42:8,NA,NA,SPECIES,PC,PC(42:8)
PC(42:9),0.021107385967302668,0.9531267520686441,0.9692510768216851,PC,PC 42:9,NA,NA,SPECIES,PC,PC(42:9)
PC(44:8),0.9947762731800707,0.04174639944254863,0.1201319260554192,PC,PC 44:8,NA,NA,SPECIES,PC,PC(44:8)
PC(44:9),0.312494030300777,0.38990806503971315,0.5095175439287073,PC,PC 44:9,NA,NA,SPECIES,PC,PC(44:9)
PC(O-32:0),0.4842816236907334,0.07151765265519293,0.1637083156232741,PC O-,PC O-32:0,NA,NA,SPECIES,PC-O,PC(O-32:0)
PC(O-32:1),0.49844416681317755,0.1018390274479572,0.20878094643404557,PC O-,PC O-32:1,NA,NA,SPECIES,PC-O,PC(O-32:1)
PC(O-34:0),1.185109776884118,0.07180411919908147,0.1637083156232741,PC O-,PC O-34:0,NA,NA,SPECIES,PC-O,PC(O-34:0)
PC(O-34:1),-0.048073005703741935,0.7589114603200525,0.8294365657235321,PC O-,PC O-34:1,NA,NA,SPECIES,PC-O,PC(O-34:1)
PC(O-34:2),0.7800134948265451,0.04079964266654849,0.1201319260554192,PC O-,PC O-34:2,NA,NA,SPECIES,PC-O,PC(O-34:2)
PC(O-36:2),0.7272895593172817,0.011918959264796617,0.06113894140034284,PC O-,PC O-36:2,NA,NA,SPECIES,PC-O,PC(O-36:2)
PC(O-36:3),-0.06300632913041948,0.6351509694251553,0.7226775790687401,PC O-,PC O-36:3,NA,NA,SPECIES,PC-O,PC(O-36:3)
PC(O-36:4),0.5097058784578807,0.0240611585367246,0.08915812855046581,PC O-,PC O-36:4,NA,NA,SPECIES,PC-O,PC(O-36:4)
PC(O-36:5),0.8405477752601064,0.016002883006745613,0.07150265817508941,PC O-,PC O-36:5,NA,NA,SPECIES,PC-O,PC(O-36:5)
PC(O-38:3),0.22743328408766011,0.9007354519856816,0.9317359073121486,PC O-,PC O-38:3,NA,NA,SPECIES,PC-O,PC(O-38:3)
PC(O-38:4),0.8745060939323459,0.0037052434034505265,0.03310344098273311,PC O-,PC O-38:4,NA,NA,SPECIES,PC-O,PC(O-38:4)
PC(O-38:5),0.3524581584742828,0.22898023331102604,0.3562342981415731,PC O-,PC O-38:5,NA,NA,SPECIES,PC-O,PC(O-38:5)
PC(O-40:3),0.916922372767932,0.8483522049927519,0.8929154531149393,PC O-,PC O-40:3,NA,NA,SPECIES,PC-O,PC(O-40:3)
PC(O-40:4),1.2455921272784538,1.7507117032117186e-4,0.006765250224553856,PC O-,PC O-40:4,NA,NA,SPECIES,PC-O,PC(O-40:4)
PC(O-40:5),0.39867556919001146,0.2054132801335841,0.3327203130307455,PC O-,PC O-40:5,NA,NA,SPECIES,PC-O,PC(O-40:5)
PC(O-40:6),0.5274745440058641,0.11346624096863657,0.2232190413237541,PC O-,PC O-40:6,NA,NA,SPECIES,PC-O,PC(O-40:6)
PC(O-40:7),0.28582830107291923,0.4155176935600819,0.5317991790905477,PC O-,PC O-40:7,NA,NA,SPECIES,PC-O,PC(O-40:7)
PC(O-40:8),0.23618461635898608,0.4223370790045814,0.5388782069374494,PC O-,PC O-40:8,NA,NA,SPECIES,PC-O,PC(O-40:8)
PC(O-42:5),1.1549988708211574,0.0025049742536285766,0.026061366754097304,PC O-,PC O-42:5,NA,NA,SPECIES,PC-O,PC(O-42:5)
PC(O-42:6),1.4235348751064292,0.0035468251174827063,0.03310344098273311,PC O-,PC O-42:6,NA,NA,SPECIES,PC-O,PC(O-42:6)
PE(30:0),-0.16846784344776428,0.8080028486873305,0.8673205181346146,PE,PE 30:0,NA,NA,SPECIES,PE,PE(30:0)
PE(30:1),-0.8530778730278272,0.2877940274010767,0.41189568471953036,PE,PE 30:1,NA,NA,SPECIES,PE,PE(30:1)
PE(32:0),-0.804287299857963,0.007434696459544839,0.04432528321089471,PE,PE 32:0,NA,NA,SPECIES,PE,PE(32:0)
PE(32:1),-0.7858001607108503,0.061117482604116154,0.1516722848111323,PE,PE 32:1,NA,NA,SPECIES,PE,PE(32:1)
PE(32:2),0.08022011790324594,0.6327960611590628,0.7226775790687401,PE,PE 32:2,NA,NA,SPECIES,PE,PE(32:2)
PE(34:0),-0.41384000136220855,0.06322600757055419,0.15391708066399004,PE,PE 34:0,NA,NA,SPECIES,PE,PE(34:0)
PE(34:1),0.1953341076925918,0.3147842506347871,0.4417757033344651,PE,PE 34:1,NA,NA,SPECIES,PE,PE(34:1)
PE(34:2),-0.4192565739788729,0.028258011235016072,0.09862957469770126,PE,PE 34:2,NA,NA,SPECIES,PE,PE(34:2)
PE(34:3),0.1959382967984527,0.4978668404739607,0.5985465793253617,PE,PE 34:3,NA,NA,SPECIES,PE,PE(34:3)
PE(34:4),-1.0603455211857824,0.009048006535609632,0.0526341025351055,PE,PE 34:4,NA,NA,SPECIES,PE,PE(34:4)
PE(36:0),0.37177628421486764,0.148914854001879,0.27034542286918306,PE,PE 36:0,NA,NA,SPECIES,PE,PE(36:0)
PE(36:1),1.4162294186252198,1.9355026621965086e-4,0.006980712934988742,PE,PE 36:1,NA,NA,SPECIES,PE,PE(36:1)
PE(36:2),0.8784301426746478,2.099828318139894e-4,0.007100044500710516,PE,PE 36:2,NA,NA,SPECIES,PE,PE(36:2)
PE(36:3),0.2832225593377281,0.2407827149754756,0.3648319376256113,PE,PE 36:3,NA,NA,SPECIES,PE,PE(36:3)
PE(36:4),-0.8033522622867342,0.004965268031975084,0.03593952272763582,PE,PE 36:4,NA,NA,SPECIES,PE,PE(36:4)
PE(36:5),-0.16316589383921978,0.4408459134241963,0.5546456724709075,PE,PE 36:5,NA,NA,SPECIES,PE,PE(36:5)
PE(36:6),0.9800192714275846,0.3537419951619321,0.4784360484565132,PE,PE 36:6,NA,NA,SPECIES,PE,PE(36:6)
PE(38:1),-0.19525329919878598,0.5104982443906705,0.6069880224513247,PE,PE 38:1,NA,NA,SPECIES,PE,PE(38:1)
PE(38:2),0.18476026717853178,0.4554041170802421,0.5663761548055425,PE,PE 38:2,NA,NA,SPECIES,PE,PE(38:2)
PE(38:3),0.48696268474892934,0.021616489739830668,0.08474290542933617,PE,PE 38:3,NA,NA,SPECIES,PE,PE(38:3)
PE(38:4),0.5604528940335822,0.02337098686642529,0.08804595362780956,PE,PE 38:4,NA,NA,SPECIES,PE,PE(38:4)
PE(38:5),0.04263739247672221,0.9794429808428261,0.9851724447752218,PE,PE 38:5,NA,NA,SPECIES,PE,PE(38:5)
PE(38:6),-0.8539720988337444,0.007413585144785429,0.04432528321089471,PE,PE 38:6,NA,NA,SPECIES,PE,PE(38:6)
PE(38:7),-0.44797932010015645,0.24020523249288042,0.3648319376256113,PE,PE 38:7,NA,NA,SPECIES,PE,PE(38:7)
PE(40:3),-0.5379755108811768,0.2525139442939754,0.37530231830505684,PE,PE 40:3,NA,NA,SPECIES,PE,PE(40:3)
PE(40:4),0.8576756717853634,0.0497867684505802,0.1310478145841037,PE,PE 40:4,NA,NA,SPECIES,PE,PE(40:4)
PE(40:5),0.1619645490285588,0.6301916366034164,0.722317108903492,PE,PE 40:5,NA,NA,SPECIES,PE,PE(40:5)
PE(40:6),0.03977497872133738,0.8447452192687501,0.8925921164538941,PE,PE 40:6,NA,NA,SPECIES,PE,PE(40:6)
PE(40:7),-0.0802199924011669,0.6650380767734451,0.7448977216033825,PE,PE 40:7,NA,NA,SPECIES,PE,PE(40:7)
PE(40:8),0.6390200951616449,0.022246249823200528,0.08658432485144953,PE,PE 40:8,NA,NA,SPECIES,PE,PE(40:8)
PE(40:9),-0.18522225659778893,0.8069868481291655,0.8673205181346146,PE,PE 40:9,NA,NA,SPECIES,PE,PE(40:9)
PE(42:4),0.6353193344765717,0.39731156886057273,0.5166960546960814,PE,PE 42:4,NA,NA,SPECIES,PE,PE(42:4)
PE(42:5),0.12123743589707214,0.7520855030611231,0.8236401966722016,PE,PE 42:5,NA,NA,SPECIES,PE,PE(42:5)
PE(42:6),-0.10415848950839092,0.6590014719172826,0.7396676271934646,PE,PE 42:6,NA,NA,SPECIES,PE,PE(42:6)
PE(42:7),0.013605298866121213,0.9618195150965987,0.9744276360810109,PE,PE 42:7,NA,NA,SPECIES,PE,PE(42:7)
PE(42:8),0.5202810308558865,0.009410314399263894,0.05333114756933865,PE,PE 42:8,NA,NA,SPECIES,PE,PE(42:8)
PE(42:9),0.8016419082635285,0.015280840320774635,0.07150265817508941,PE,PE 42:9,NA,NA,SPECIES,PE,PE(42:9)
PE(O-30:1),0.3537506117472877,0.400129527630098,0.5178709915021125,PE O-,PE O-30:1,NA,NA,SPECIES,PE-O,PE(O-30:1)
PE(O-32:0),-0.8232228604921297,0.20726873559215517,0.3340625683113542,PE O-,PE O-32:0,NA,NA,SPECIES,PE-O,PE(O-32:0)
PE(O-32:1),-1.6985182650718609,0.001821490934744736,0.021898368793264494,PE O-,PE O-32:1,NA,NA,SPECIES,PE-O,PE(O-32:1)
PE(O-32:2),-0.3513529739807188,0.18973585054617598,0.31877979858845096,PE O-,PE O-32:2,NA,NA,SPECIES,PE-O,PE(O-32:2)
PE(O-34:1),0.0860148300079671,0.6404730775749976,0.7248868932386479,PE O-,PE O-34:1,NA,NA,SPECIES,PE-O,PE(O-34:1)
PE(O-34:2),0.41377351164479165,0.0720195547473923,0.1637083156232741,PE O-,PE O-34:2,NA,NA,SPECIES,PE-O,PE(O-34:2)
PE(O-34:3),0.1320040718830479,0.7304436293699192,0.801561873203096,PE O-,PE O-34:3,NA,NA,SPECIES,PE-O,PE(O-34:3)
PE(O-36:1),4.556329041006753,0.006950058292679172,0.04272706291294809,PE O-,PE O-36:1,NA,NA,SPECIES,PE-O,PE(O-36:1)
PE(O-36:2),0.6613368181744755,0.02120284210515958,0.08434365866831862,PE O-,PE O-36:2,NA,NA,SPECIES,PE-O,PE(O-36:2)
PE(O-36:3),0.7668423915646202,0.011979164119105991,0.06113894140034284,PE O-,PE O-36:3,NA,NA,SPECIES,PE-O,PE(O-36:3)
PE(O-36:4),0.14407376166702052,0.5864916789702193,0.6765287810722572,PE O-,PE O-36:4,NA,NA,SPECIES,PE-O,PE(O-36:4)
PE(O-36:5),-0.08339703428212221,0.5440103751920988,0.6411974138974411,PE O-,PE O-36:5,NA,NA,SPECIES,PE-O,PE(O-36:5)
PE(O-38:3),0.7866406190349329,0.03155241836341883,0.10408450204030235,PE O-,PE O-38:3,NA,NA,SPECIES,PE-O,PE(O-38:3)
PE(O-38:4),0.7617306329388922,0.07873047022133381,0.17630542245719677,PE O-,PE O-38:4,NA,NA,SPECIES,PE-O,PE(O-38:4)
PE(O-38:5),0.7870109740230701,0.014037156744181222,0.06711870485515854,PE O-,PE O-38:5,NA,NA,SPECIES,PE-O,PE(O-38:5)
PE(O-38:6),-0.015380551980486433,0.8355841152061819,0.8863745222089107,PE O-,PE O-38:6,NA,NA,SPECIES,PE-O,PE(O-38:6)
PE(O-38:7),-0.5969320738328349,0.01362506354540434,0.06640684124381756,PE O-,PE O-38:7,NA,NA,SPECIES,PE-O,PE(O-38:7)
PE(O-40:4),1.1471683629390084,0.011574648559798683,0.06113894140034284,PE O-,PE O-40:4,NA,NA,SPECIES,PE-O,PE(O-40:4)
PE(O-40:5),1.0538806193849841,0.0068412065778870965,0.04254129607628643,PE O-,PE O-40:5,NA,NA,SPECIES,PE-O,PE(O-40:5)
PE(O-40:6),0.7196933890600682,0.0654642318185265,0.15624680125264598,PE O-,PE O-40:6,NA,NA,SPECIES,PE-O,PE(O-40:6)
PE(O-40:7),0.4125238835095289,0.08790174963762984,0.18870970854745137,PE O-,PE O-40:7,NA,NA,SPECIES,PE-O,PE(O-40:7)
PE(O-40:8),-0.4453536471391791,0.06087719858080316,0.1516722848111323,PE O-,PE O-40:8,NA,NA,SPECIES,PE-O,PE(O-40:8)
PE(O-40:9),-0.15463794361865577,0.42616739537699627,0.5412125842698474,PE O-,PE O-40:9,NA,NA,SPECIES,PE-O,PE(O-40:9)
PE(O-42:4),1.7206883515506464,0.031031887557616874,0.10408450204030235,PE O-,PE O-42:4,NA,NA,SPECIES,PE-O,PE(O-42:4)
PE(O-42:5),1.1485069566238484,0.0022645946534765953,0.024022464853545842,PE O-,PE O-42:5,NA,NA,SPECIES,PE-O,PE(O-42:5)
PE(O-42:6),1.0185153317240194,0.004449481617258089,0.035572837516052266,PE O-,PE O-42:6,NA,NA,SPECIES,PE-O,PE(O-42:6)
PE(O-42:7),0.6590136966113828,0.02259865146968064,0.08679870027705748,PE O-,PE O-42:7,NA,NA,SPECIES,PE-O,PE(O-42:7)
PE(O-42:8),0.28506267681574493,0.21715177131392424,0.34552678906127354,PE O-,PE O-42:8,NA,NA,SPECIES,PE-O,PE(O-42:8)
PG(32:0),0.7054518442512949,0.13544551811298364,0.25314158346574334,PG,PG 32:0,NA,NA,SPECIES,PG,PG(32:0)
PG(32:1),0.4471906944704959,0.2419577134518471,0.3648319376256113,PG,PG 32:1,NA,NA,SPECIES,PG,PG(32:1)
PG(34:0),2.3077878734466437,0.0027924133434772303,0.027975844792984844,PG,PG 34:0,NA,NA,SPECIES,PG,PG(34:0)
PG(34:1),0.603737216805299,0.09485796088327927,0.19813960169055633,PG,PG 34:1,NA,NA,SPECIES,PG,PG(34:1)
PG(34:2),0.8829056918740703,0.0127579783153838,0.06390802100576515,PG,PG 34:2,NA,NA,SPECIES,PG,PG(34:2)
PG(34:3),0.6667541928516547,0.028484016096686375,0.09878110710453417,PG,PG 34:3,NA,NA,SPECIES,PG,PG(34:3)
PG(36:0),0.11554592732399854,0.9739896482553878,0.9830947371151634,PG,PG 36:0,NA,NA,SPECIES,PG,PG(36:0)
PG(36:1),2.7860521910712706,4.813105406319511e-4,0.012445147863230662,PG,PG 36:1,NA,NA,SPECIES,PG,PG(36:1)
PG(36:2),1.9339518457662053,6.449710218488777e-4,0.014895135607079429,PG,PG 36:2,NA,NA,SPECIES,PG,PG(36:2)
PG(36:3),1.2211145258765224,8.300518142185248e-4,0.016037786839007927,PG,PG 36:3,NA,NA,SPECIES,PG,PG(36:3)
PG(36:4),0.8195854888989184,0.003750440189184913,0.03310344098273311,PG,PG 36:4,NA,NA,SPECIES,PG,PG(36:4)
PG(36:5),0.40400569240476175,0.12997157895312142,0.24870696710189816,PG,PG 36:5,NA,NA,SPECIES,PG,PG(36:5)
PG(38:2),1.9340860579844377,0.0019942119558673897,0.022748046488057137,PG,PG 38:2,NA,NA,SPECIES,PG,PG(38:2)
PG(38:3),1.6823407906518661,4.356817164922292e-4,0.012405463611699788,PG,PG 38:3,NA,NA,SPECIES,PG,PG(38:3)
PG(38:4),1.1094586737302423,0.001241834027611279,0.02038004580117408,PG,PG 38:4,NA,NA,SPECIES,PG,PG(38:4)
PG(38:5),1.046250055308083,0.0027873553936691624,0.027975844792984844,PG,PG 38:5,NA,NA,SPECIES,PG,PG(38:5)
PG(38:6),1.1524783518498438,0.001970071656518157,0.022748046488057137,PG,PG 38:6,NA,NA,SPECIES,PG,PG(38:6)
PG(40:5),1.2803576100177594,0.0020183109638202265,0.022748046488057137,PG,PG 40:5,NA,NA,SPECIES,PG,PG(40:5)
PG(40:6),1.0285146772747626,7.312083932779511e-4,0.014895135607079429,PG,PG 40:6,NA,NA,SPECIES,PG,PG(40:6)
PG(40:7),1.5633774348509926,4.561734541243412e-5,0.003975472198789297,PG,PG 40:7,NA,NA,SPECIES,PG,PG(40:7)
PI(32:0),-0.660371751091474,0.004719946355831908,0.035572837516052266,PI,PI 32:0,NA,NA,SPECIES,PI,PI(32:0)
PI(32:1),0.045013603252102505,0.783102940781663,0.8490154127512619,PI,PI 32:1,NA,NA,SPECIES,PI,PI(32:1)
PI(32:2),1.285166926304521,0.7205349947139277,0.793909230428177,PI,PI 32:2,NA,NA,SPECIES,PI,PI(32:2)
PI(34:0),0.22987401119696085,0.26866297709795,0.3907168564784703,PI,PI 34:0,NA,NA,SPECIES,PI,PI(34:0)
PI(34:1),-0.09441663371268351,0.47916402297513827,0.5863905496308492,PI,PI 34:1,NA,NA,SPECIES,PI,PI(34:1)
PI(34:2),-0.15629623854451186,0.44675138932437064,0.5581812970542368,PI,PI 34:2,NA,NA,SPECIES,PI,PI(34:2)
PI(34:3),1.3110563289575778,3.769092646576905e-4,0.01199458306940062,PI,PI 34:3,NA,NA,SPECIES,PI,PI(34:3)
PI(36:0),0.6972427846522296,0.04151105414393506,0.1201319260554192,PI,PI 36:0,NA,NA,SPECIES,PI,PI(36:0)
PI(36:1),1.1539114520117215,0.0015448670935854962,0.020894327440743838,PI,PI 36:1,NA,NA,SPECIES,PI,PI(36:1)
PI(36:2),0.0684169632977331,0.6350500656880499,0.7226775790687401,PI,PI 36:2,NA,NA,SPECIES,PI,PI(36:2)
PI(36:3),-1.1416151023138406,0.006656357456476837,0.04193916155984714,PI,PI 36:3,NA,NA,SPECIES,PI,PI(36:3)
PI(36:4),-1.1873721593244453,7.433801504457385e-4,0.014895135607079429,PI,PI 36:4,NA,NA,SPECIES,PI,PI(36:4)
PI(36:5),0.5110748295801404,0.05604536868294992,0.14302143612016935,PI,PI 36:5,NA,NA,SPECIES,PI,PI(36:5)
PI(38:1),1.6817166020995256,0.022622212086996496,0.08679870027705748,PI,PI 38:1,NA,NA,SPECIES,PI,PI(38:1)
PI(38:2),2.57269041842427,0.003348774167134097,0.03235155043606333,PI,PI 38:2,NA,NA,SPECIES,PI,PI(38:2)
PI(38:3),0.7061724792889528,3.2447082239199076e-5,0.003975472198789297,PI,PI 38:3,NA,NA,SPECIES,PI,PI(38:3)
PI(38:4),0.6239455365973909,0.0046358593248263915,0.035572837516052266,PI,PI 38:4,NA,NA,SPECIES,PI,PI(38:4)
PI(38:5),-0.40514164890845594,0.13418980573912526,0.25295012161974484,PI,PI 38:5,NA,NA,SPECIES,PI,PI(38:5)
PI(38:6),-0.15532455515712595,0.5631446663593607,0.6623070967400307,PI,PI 38:6,NA,NA,SPECIES,PI,PI(38:6)
PI(40:3),0.10922014475165522,0.7861389314915046,0.8506023238738081,PI,PI 40:3,NA,NA,SPECIES,PI,PI(40:3)
PI(40:4),0.767960641721917,0.04164393757489872,0.1201319260554192,PI,PI 40:4,NA,NA,SPECIES,PI,PI(40:4)
PI(40:5),0.22780726824880052,0.3571736545657401,0.480012003928198,PI,PI 40:5,NA,NA,SPECIES,PI,PI(40:5)
PI(40:6),0.02179298728619382,0.881995376203795,0.9176144202427945,PI,PI 40:6,NA,NA,SPECIES,PI,PI(40:6)
PI(40:7),-0.4240368677628588,0.11343329099528257,0.2232190413237541,PI,PI 40:7,NA,NA,SPECIES,PI,PI(40:7)
PI(40:8),-0.13031163820059574,0.6534536461995457,0.7364967137374047,PI,PI 40:8,NA,NA,SPECIES,PI,PI(40:8)
PI(40:9),-0.3841152747026886,0.241335135033494,0.3648319376256113,PI,PI 40:9,NA,NA,SPECIES,PI,PI(40:9)
PI(42:5),-0.8588707674175293,0.3455109999092029,0.46965188681125325,PI,PI 42:5,NA,NA,SPECIES,PI,PI(42:5)
PI(42:6),-0.38894422759041936,0.36924499691021206,0.4890968408498628,PI,PI 42:6,NA,NA,SPECIES,PI,PI(42:6)
PS(32:1),0.6141667999205915,0.17505206332876955,0.3006449722567121,PS,PS 32:1,NA,NA,SPECIES,PS,PS(32:1)
PS(32:2),1.42682671467887,0.12246250272688969,0.23831731645772417,PS,PS 32:2,NA,NA,SPECIES,PS,PS(32:2)
PS(34:0),0.18751960182518515,0.3603051275696129,0.4824878069682193,PS,PS 34:0,NA,NA,SPECIES,PS,PS(34:0)
PS(34:1),0.7758507311506744,0.013371846596577728,0.06576517280680501,PS,PS 34:1,NA,NA,SPECIES,PS,PS(34:1)
PS(34:2),0.7401947584070574,0.02030035665154749,0.08370816115724077,PS,PS 34:2,NA,NA,SPECIES,PS,PS(34:2)
PS(34:3),2.7265288026720014,0.006578542006832197,0.04193916155984714,PS,PS 34:3,NA,NA,SPECIES,PS,PS(34:3)
PS(36:0),0.4673639668763781,0.3317491922309527,0.45784773723710565,PS,PS 36:0,NA,NA,SPECIES,PS,PS(36:0)
PS(36:1),1.0783810596594823,0.018271145961629175,0.07756984131272227,PS,PS 36:1,NA,NA,SPECIES,PS,PS(36:1)
PS(36:2),1.590348407911729,5.143864212851216e-5,0.003975472198789297,PS,PS 36:2,NA,NA,SPECIES,PS,PS(36:2)
PS(36:3),1.8317314610879474,4.2890885212094274e-4,0.012405463611699788,PS,PS 36:3,NA,NA,SPECIES,PS,PS(36:3)
PS(36:4),-0.7145038013836766,0.006113058136326055,0.04193916155984714,PS,PS 36:4,NA,NA,SPECIES,PS,PS(36:4)
PS(36:5),1.0738030461842172,0.26677609314131645,0.39013989415241995,PS,PS 36:5,NA,NA,SPECIES,PS,PS(36:5)
PS(38:1),0.8112430714804656,0.016124444172570994,0.07150265817508941,PS,PS 38:1,NA,NA,SPECIES,PS,PS(38:1)
PS(38:2),0.6489824189118507,0.004515343320970851,0.035572837516052266,PS,PS 38:2,NA,NA,SPECIES,PS,PS(38:2)
PS(38:3),0.6641377217405919,0.004966603568179796,0.03593952272763582,PS,PS 38:3,NA,NA,SPECIES,PS,PS(38:3)
PS(38:4),-0.5673040294039257,5.060873437912654e-4,0.012445147863230662,PS,PS 38:4,NA,NA,SPECIES,PS,PS(38:4)
PS(38:5),-0.6703682535583108,0.009162235125851728,0.05273158726687005,PS,PS 38:5,NA,NA,SPECIES,PS,PS(38:5)
PS(38:6),-0.04442460619895123,0.8254233920283864,0.8790434155262935,PS,PS 38:6,NA,NA,SPECIES,PS,PS(38:6)
PS(40:2),0.28784327669457493,0.21198920061360166,0.3393081583785755,PS,PS 40:2,NA,NA,SPECIES,PS,PS(40:2)
PS(40:3),0.25767054627690655,0.24338118303304881,0.3657478333913317,PS,PS 40:3,NA,NA,SPECIES,PS,PS(40:3)
PS(40:4),0.9491214292965726,0.015927350192848227,0.07150265817508941,PS,PS 40:4,NA,NA,SPECIES,PS,PS(40:4)
PS(40:5),0.1329060945036474,0.5698905534555965,0.6630339557408121,PS,PS 40:5,NA,NA,SPECIES,PS,PS(40:5)
PS(40:6),-0.1642677943412517,0.32593025608614246,0.45511466313856863,PS,PS 40:6,NA,NA,SPECIES,PS,PS(40:6)
PS(40:7),-0.11066740475804378,0.5749653218640627,0.6660733171915587,PS,PS 40:7,NA,NA,SPECIES,PS,PS(40:7)
PS(42:5),0.43788208425560554,0.19542449552115676,0.32331697882858046,PS,PS 42:5,NA,NA,SPECIES,PS,PS(42:5)
PS(42:6),0.4577445143143713,0.18574955614995545,0.314657958079889,PS,PS 42:6,NA,NA,SPECIES,PS,PS(42:6)
PS(42:7),0.4741373036163864,0.25957451364061623,0.38264253918139884,PS,PS 42:7,NA,NA,SPECIES,PS,PS(42:7)
PS(42:8),1.5076825408816608,0.0314237011443812,0.10408450204030235,PS,PS 42:8,NA,NA,SPECIES,PS,PS(42:8)
PS(42:9),0.6225819930785568,0.01675042832858871,0.07367464817696336,PS,PS 42:9,NA,NA,SPECIES,PS,PS(42:9)
SM(d18:0/16:0),0.33504819630387295,0.004982373760762822,0.03593952272763582,SM,SM 34:0;O2,SM 18:0;O2/16:0,SM 18:0;O2/16:0,STRUCTURE_DEFINED,Sphingomyelin,SM(d18:0/16:0)
SM(d18:0/18:0),1.1919214210465654,9.726732682943284e-5,0.005262162381472316,SM,SM 36:0;O2,SM 18:0;O2/18:0,SM 18:0;O2/18:0,STRUCTURE_DEFINED,Sphingomyelin,SM(d18:0/18:0)
SM(d18:0/20:0),1.5115883544956683,0.2356044096566809,0.36313956018308935,SM,SM 38:0;O2,SM 18:0;O2/20:0,SM 18:0;O2/20:0,STRUCTURE_DEFINED,Sphingomyelin,SM(d18:0/20:0)
SM(d18:0/22:0),0.8998920328766329,0.04219192570089952,0.12077159684754835,SM,SM 40:0;O2,SM 18:0;O2/22:0,SM 18:0;O2/22:0,STRUCTURE_DEFINED,Sphingomyelin,SM(d18:0/22:0)
SM(d18:0/24:0),0.8771336381432759,0.04989990721686758,0.1310478145841037,SM,SM 42:0;O2,SM 18:0;O2/24:0,SM 18:0;O2/24:0,STRUCTURE_DEFINED,Sphingomyelin,SM(d18:0/24:0)
SM(d18:1/14:0),-0.2781268590543691,0.02042417240805135,0.08370816115724077,SM,SM 32:1;O2,SM 18:1;O2/14:0,SM 18:1;O2/14:0,SN_POSITION,Sphingomyelin,SM(d18:1/14:0)
SM(d18:1/14:1),0.2363580549605549,0.2164322530865171,0.3453977844242057,SM,SM 32:2;O2,SM 18:1;O2/14:1,SM 18:1;O2/14:1,SN_POSITION,Sphingomyelin,SM(d18:1/14:1)
SM(d18:1/16:0),-0.17034788738405549,0.05071495593247671,0.13254488482835702,SM,SM 34:1;O2,SM 18:1;O2/16:0,SM 18:1;O2/16:0,SN_POSITION,Sphingomyelin,SM(d18:1/16:0)
SM(d18:1/16:1),0.4165404765946769,0.04976366662123268,0.1310478145841037,SM,SM 34:2;O2,SM 18:1;O2/16:1,SM 18:1;O2/16:1,SN_POSITION,Sphingomyelin,SM(d18:1/16:1)
SM(d18:1/18:0),0.3959872049037308,0.07886490246699006,0.17630542245719677,SM,SM 36:1;O2,SM 18:1;O2/18:0,SM 18:1;O2/18:0,SN_POSITION,Sphingomyelin,SM(d18:1/18:0)
SM(d18:1/18:1),0.6102113357896141,0.017338092753483383,0.07564442080350411,SM,SM 36:2;O2,SM 18:1;O2/18:1,SM 18:1;O2/18:1,SN_POSITION,Sphingomyelin,SM(d18:1/18:1)
SM(d18:1/18:2),0.22353567325681867,0.2611649286363756,0.38394083258771516,SM,SM 36:3;O2,SM 18:1;O2/18:2,SM 18:1;O2/18:2,SN_POSITION,Sphingomyelin,SM(d18:1/18:2)
SM(d18:1/20:0),0.43964377281953204,0.029378299158436053,0.10076058214292274,SM,SM 38:1;O2,SM 18:1;O2/20:0,SM 18:1;O2/20:0,SN_POSITION,Sphingomyelin,SM(d18:1/20:0)
SM(d18:1/20:1),0.605202731442251,0.010195940321817792,0.05652612181388154,SM,SM 38:2;O2,SM 18:1;O2/20:1,SM 18:1;O2/20:1,SN_POSITION,Sphingomyelin,SM(d18:1/20:1)
SM(d18:1/22:0),-0.18419613059770656,0.201717117274003,0.3287016880880591,SM,SM 40:1;O2,SM 18:1;O2/22:0,SM 18:1;O2/22:0,SN_POSITION,Sphingomyelin,SM(d18:1/22:0)
SM(d18:1/22:1),0.16866961893502297,0.30640139839672365,0.4328019752810118,SM,SM 40:2;O2,SM 18:1;O2/22:1,SM 18:1;O2/22:1,SN_POSITION,Sphingomyelin,SM(d18:1/22:1)
SM(d18:1/24:0),-0.022387852042082438,0.8132783723062113,0.8695328051732417,SM,SM 42:1;O2,SM 18:1;O2/24:0,SM 18:1;O2/24:0,SN_POSITION,Sphingomyelin,SM(d18:1/24:0)
SM(d18:1/24:1),-0.168610083674443,0.24855213496645212,0.3714549862343939,SM,SM 42:2;O2,SM 18:1;O2/24:1,SM 18:1;O2/24:1,SN_POSITION,Sphingomyelin,SM(d18:1/24:1)
SM(d18:1/24:2),0.2111526541826586,0.11054421535082647,0.22072353419867743,SM,SM 42:3;O2,SM 18:1;O2/24:2,SM 18:1;O2/24:2,SN_POSITION,Sphingomyelin,SM(d18:1/24:2)
SM(d18:1/26:1),0.3356449817561002,0.07943979921933239,0.176859799908061,SM,SM 44:2;O2,SM 18:1;O2/26:1,SM 18:1;O2/26:1,SN_POSITION,Sphingomyelin,SM(d18:1/26:1)
SM(d18:1/26:2),0.22940401795523788,0.1925477497176311,0.3215071993741927,SM,SM 44:3;O2,SM 18:1;O2/26:2,SM 18:1;O2/26:2,SN_POSITION,Sphingomyelin,SM(d18:1/26:2)
TG(38:0),2.0424974209570492,0.006332697815360683,0.04193916155984714,TG,TG 38:0,NA,NA,SPECIES,TG,TG(38:0)
TG(40:0),1.901971366174918,0.05248034651927116,0.13584625582261098,TG,TG 40:0,NA,NA,SPECIES,TG,TG(40:0)
TG(40:1),1.2780897326364475,0.06344456374874266,0.15391708066399004,TG,TG 40:1,NA,NA,SPECIES,TG,TG(40:1)
TG(40:2),0.8769951316931921,0.21872752063477527,0.34701345649094845,TG,TG 40:2,NA,NA,SPECIES,TG,TG(40:2)
TG(40:3),0.8671720639070994,0.28552795067815673,0.40973639606600215,TG,TG 40:3,NA,NA,SPECIES,TG,TG(40:3)
TG(42:0),2.005552056454273,0.035442911434101554,0.11022744248961844,TG,TG 42:0,NA,NA,SPECIES,TG,TG(42:0)
TG(42:1),1.6736533694954199,0.011886787258442085,0.06113894140034284,TG,TG 42:1,NA,NA,SPECIES,TG,TG(42:1)
TG(42:2),0.3715781592417332,0.5435629132816622,0.6411974138974411,TG,TG 42:2,NA,NA,SPECIES,TG,TG(42:2)
TG(42:3),0.35226586739662014,0.6971840819073496,0.7744899143981029,TG,TG 42:3,NA,NA,SPECIES,TG,TG(42:3)
TG(42:4),0.7199168880057858,0.3567342397378715,0.480012003928198,TG,TG 42:4,NA,NA,SPECIES,TG,TG(42:4)
TG(44:0),0.7475079615311079,0.5169989531251691,0.613369372019115,TG,TG 44:0,NA,NA,SPECIES,TG,TG(44:0)
TG(44:1),-0.13242145764088964,0.9845209711217148,0.9881741101611276,TG,TG 44:1,NA,NA,SPECIES,TG,TG(44:1)
TG(44:2),0.1348405622348403,0.8644084362752747,0.9027895058396209,TG,TG 44:2,NA,NA,SPECIES,TG,TG(44:2)
TG(44:3),-0.10939609296113051,0.8400332311428436,0.8893502505837151,TG,TG 44:3,NA,NA,SPECIES,TG,TG(44:3)
TG(44:4),0.38309111803110957,0.7796297563514376,0.8469471851127063,TG,TG 44:4,NA,NA,SPECIES,TG,TG(44:4)
TG(44:5),0.6107047075062616,0.9740088338146536,0.9830947371151634,TG,TG 44:5,NA,NA,SPECIES,TG,TG(44:5)
TG(44:6),-1.2029075588599332,0.4020556939445986,0.5191220296516178,TG,TG 44:6,NA,NA,SPECIES,TG,TG(44:6)
TG(46:0),-0.3614679042332139,0.38148139415746063,0.5009258112601607,TG,TG 46:0,NA,NA,SPECIES,TG,TG(46:0)
TG(46:1),-0.86720527272611,0.06301019908199276,0.15391708066399004,TG,TG 46:1,NA,NA,SPECIES,TG,TG(46:1)
TG(46:2),-0.8932701080911238,0.07144258225235563,0.1637083156232741,TG,TG 46:2,NA,NA,SPECIES,TG,TG(46:2)
TG(46:3),-0.9822362673194611,0.08065627926303406,0.17883216016926815,TG,TG 46:3,NA,NA,SPECIES,TG,TG(46:3)
TG(46:4),-0.3676933085350236,0.43286426424838126,0.5471485209307809,TG,TG 46:4,NA,NA,SPECIES,TG,TG(46:4)
TG(48:0),-0.43179234350027335,0.4889725921097947,0.5931259469313878,TG,TG 48:0,NA,NA,SPECIES,TG,TG(48:0)
TG(48:1),-0.8545019516974683,0.08783421549859474,0.18870970854745137,TG,TG 48:1,NA,NA,SPECIES,TG,TG(48:1)
TG(48:2),-1.0883254077299365,0.04158797063740236,0.1201319260554192,TG,TG 48:2,NA,NA,SPECIES,TG,TG(48:2)
TG(48:3),-1.3671936583155482,0.032059893598061065,0.10511759052455173,TG,TG 48:3,NA,NA,SPECIES,TG,TG(48:3)
TG(48:4),-1.3984626574561907,0.0693245197184548,0.16165760848139674,TG,TG 48:4,NA,NA,SPECIES,TG,TG(48:4)
TG(50:0),1.6223196738395163,0.10757585130779392,0.21715871476685264,TG,TG 50:0,NA,NA,SPECIES,TG,TG(50:0)
TG(50:1),-0.869288032899393,0.12589754843335715,0.24282981826651634,TG,TG 50:1,NA,NA,SPECIES,TG,TG(50:1)
TG(50:2),-1.0416147128565023,0.06615169348663917,0.15696520252750784,TG,TG 50:2,NA,NA,SPECIES,TG,TG(50:2)
TG(50:3),-1.372649804931252,0.033952293628426763,0.10868751984011171,TG,TG 50:3,NA,NA,SPECIES,TG,TG(50:3)
TG(50:4),-1.4862144214008302,0.03434012196616245,0.10896861229967285,TG,TG 50:4,NA,NA,SPECIES,TG,TG(50:4)
TG(50:5),-1.6678661200682066,0.03473034042851681,0.10923903588271856,TG,TG 50:5,NA,NA,SPECIES,TG,TG(50:5)
TG(50:6),-2.0343940774571934,0.06650393290253193,0.15711191135488983,TG,TG 50:6,NA,NA,SPECIES,TG,TG(50:6)
TG(52:0),1.9572386662677743,0.14300754572846539,0.26405147521877054,TG,TG 52:0,NA,NA,SPECIES,TG,TG(52:0)
TG(52:1),0.35362242117678927,0.4923645775736628,0.5945741885431955,TG,TG 52:1,NA,NA,SPECIES,TG,TG(52:1)
TG(52:2),-1.320864043072718,0.047867581944914014,0.13013247151858534,TG,TG 52:2,NA,NA,SPECIES,TG,TG(52:2)
TG(52:3),-1.3440297506345265,0.038702904238614395,0.11763073703983364,TG,TG 52:3,NA,NA,SPECIES,TG,TG(52:3)
TG(52:4),-1.3220803094363363,0.045790496927848215,0.12712602244113738,TG,TG 52:4,NA,NA,SPECIES,TG,TG(52:4)
TG(52:5),-1.4280877357700463,0.04925960235528284,0.1310478145841037,TG,TG 52:5,NA,NA,SPECIES,TG,TG(52:5)
TG(52:6),-1.613461178725089,0.04564919528739545,0.12712602244113738,TG,TG 52:6,NA,NA,SPECIES,TG,TG(52:6)
TG(52:7),-1.89759476700185,0.04068370104931376,0.1201319260554192,TG,TG 52:7,NA,NA,SPECIES,TG,TG(52:7)
TG(52:8),-2.494753210381105,0.08126086879916217,0.17884255486993678,TG,TG 52:8,NA,NA,SPECIES,TG,TG(52:8)
TG(54:0),2.219454549407784,0.37884018447501494,0.4986679800510537,TG,TG 54:0,NA,NA,SPECIES,TG,TG(54:0)
TG(54:1),1.1974895830678793,0.0716537847646343,0.1637083156232741,TG,TG 54:1,NA,NA,SPECIES,TG,TG(54:1)
TG(54:2),-0.5294117120113355,0.3930229410970838,0.5123503882735478,TG,TG 54:2,NA,NA,SPECIES,TG,TG(54:2)
TG(54:3),-1.4960147701332425,0.035931926167882336,0.1110809831818534,TG,TG 54:3,NA,NA,SPECIES,TG,TG(54:3)
TG(54:4),-1.5237013399701735,0.031500520350474695,0.10408450204030235,TG,TG 54:4,NA,NA,SPECIES,TG,TG(54:4)
TG(54:5),-1.3729374944279007,0.05196601517612726,0.1351616067802156,TG,TG 54:5,NA,NA,SPECIES,TG,TG(54:5)
TG(54:6),-1.2125004076327348,0.09744948635311103,0.20199299661698494,TG,TG 54:6,NA,NA,SPECIES,TG,TG(54:6)
TG(54:7),-1.2556194016600102,0.10188201452604072,0.20878094643404557,TG,TG 54:7,NA,NA,SPECIES,TG,TG(54:7)
TG(54:8),-1.6100328004606501,0.06297459183006873,0.15391708066399004,TG,TG 54:8,NA,NA,SPECIES,TG,TG(54:8)
TG(54:9),-2.400996713512761,0.0454596449456483,0.12712602244113738,TG,TG 54:9,NA,NA,SPECIES,TG,TG(54:9)
TG(56:0),0.744344741305332,0.9359350504415581,0.9607986001686584,TG,TG 56:0,NA,NA,SPECIES,TG,TG(56:0)
TG(56:1),-0.021687749479470105,0.90570717539464,0.9333096797876196,TG,TG 56:1,NA,NA,SPECIES,TG,TG(56:1)
TG(56:10),-3.647679179482036,0.006605418650805956,0.04193916155984714,TG,TG 56:10,NA,NA,SPECIES,TG,TG(56:10)
TG(56:11),1.5247834422433901,0.8562944971206086,0.897773956056197,TG,TG 56:11,NA,NA,SPECIES,TG,TG(56:11)
TG(56:2),-0.4630962727196047,0.46060194612075334,0.5669617673479824,TG,TG 56:2,NA,NA,SPECIES,TG,TG(56:2)
TG(56:3),-1.3101665117650758,0.06909244288244389,0.16165760848139674,TG,TG 56:3,NA,NA,SPECIES,TG,TG(56:3)
TG(56:4),-1.2418950888031393,0.07030338907627841,0.16323662442174514,TG,TG 56:4,NA,NA,SPECIES,TG,TG(56:4)
TG(56:5),-1.3424244954851314,0.0543009208285965,0.1392265316031787,TG,TG 56:5,NA,NA,SPECIES,TG,TG(56:5)
TG(56:6),-1.846411552090048,0.018100909927647523,0.07756984131272227,TG,TG 56:6,NA,NA,SPECIES,TG,TG(56:6)
TG(56:7),-1.974574825105947,0.018228450707439968,0.07756984131272227,TG,TG 56:7,NA,NA,SPECIES,TG,TG(56:7)
TG(56:8),-1.7602079734648466,0.036877928275444644,0.11335772271031563,TG,TG 56:8,NA,NA,SPECIES,TG,TG(56:8)
TG(56:9),-1.8842150937229072,0.04173043737364407,0.1201319260554192,TG,TG 56:9,NA,NA,SPECIES,TG,TG(56:9)
TG(58:1),-0.7233417664987786,0.5655813801523011,0.6630339557408121,TG,TG 58:1,NA,NA,SPECIES,TG,TG(58:1)
TG(58:10),-2.427488052619685,0.022936321675022898,0.08738415511399569,TG,TG 58:10,NA,NA,SPECIES,TG,TG(58:10)
TG(58:11),-2.9288956904157155,0.05631350541362446,0.14303101609751565,TG,TG 58:11,NA,NA,SPECIES,TG,TG(58:11)
TG(58:12),-0.2957516778439951,0.9443223190951124,0.965168692516293,TG,TG 58:12,NA,NA,SPECIES,TG,TG(58:12)
TG(58:2),-1.2079584549709137,0.09297305378320185,0.19598552401678176,TG,TG 58:2,NA,NA,SPECIES,TG,TG(58:2)
TG(58:3),-0.9169932462908378,0.23322707483050226,0.3605024213808621,TG,TG 58:3,NA,NA,SPECIES,TG,TG(58:3)
TG(58:4),-0.8868782648502678,0.5206813042237762,0.616386401717862,TG,TG 58:4,NA,NA,SPECIES,TG,TG(58:4)
TG(58:5),-1.6148918687603264,0.1147678245077401,0.2249615690532152,TG,TG 58:5,NA,NA,SPECIES,TG,TG(58:5)
TG(58:6),-2.4966464961826653,0.01583033472300737,0.07150265817508941,TG,TG 58:6,NA,NA,SPECIES,TG,TG(58:6)
TG(58:7),-2.7157463536151623,0.024706450734836297,0.09031209356450295,TG,TG 58:7,NA,NA,SPECIES,TG,TG(58:7)
TG(58:8),-2.158405400405059,0.03444294399860269,0.10896861229967285,TG,TG 58:8,NA,NA,SPECIES,TG,TG(58:8)
TG(58:9),-2.137901744487638,0.02785892700876961,0.09859561750686709,TG,TG 58:9,NA,NA,SPECIES,TG,TG(58:9)
TG(60:10),-1.4448890629478444,0.5095345646550926,0.6069880224513247,TG,TG 60:10,NA,NA,SPECIES,TG,TG(60:10)
TG(60:11),-7.614710432240076,1.3599255291902768e-4,0.006130997594099499,TG,TG 60:11,NA,NA,SPECIES,TG,TG(60:11)
TG(60:12),-4.578078590239183,0.10619282862321491,0.21516973889572757,TG,TG 60:12,NA,NA,SPECIES,TG,TG(60:12)
TG(O-50:0),-0.8875617016498044,0.3372222528289627,0.4618664272923261,TG O-,TG O-50:0,NA,NA,SPECIES,NA,TG(O-50:0)
TG(O-50:1),-1.1620227977143005,0.2221115128576071,0.34914462696841164,TG O-,TG O-50:1,NA,NA,SPECIES,NA,TG(O-50:1)
TG(O-50:2),-1.1537166798962815,0.25493492434773374,0.3768300384484261,TG O-,TG O-50:2,NA,NA,SPECIES,NA,TG(O-50:2)
TG(O-50:3),-1.12767057830501,0.19500128216614374,0.32331697882858046,TG O-,TG O-50:3,NA,NA,SPECIES,NA,TG(O-50:3)
TG(O-52:0),-1.1039769774723702,0.7935295374203037,0.8568851891105475,TG O-,TG O-52:0,NA,NA,SPECIES,NA,TG(O-52:0)
TG(O-52:1),-0.9990223795205814,0.24126673235297125,0.3648319376256113,TG O-,TG O-52:1,NA,NA,SPECIES,NA,TG(O-52:1)
TG(O-52:2),-1.4092596280823702,0.17492651239616333,0.3006449722567121,TG O-,TG O-52:2,NA,NA,SPECIES,NA,TG(O-52:2)
TG(O-52:3),-1.422174631347009,0.16302609732061213,0.28779119729775116,TG O-,TG O-52:3,NA,NA,SPECIES,NA,TG(O-52:3)
TG(O-52:4),-1.219390115857537,0.20103650140776766,0.3287016880880591,TG O-,TG O-52:4,NA,NA,SPECIES,NA,TG(O-52:4)
TG(O-52:5),-1.339384515782521,0.13184790400998334,0.2502797055066701,TG O-,TG O-52:5,NA,NA,SPECIES,NA,TG(O-52:5)
TG(O-54:1),-1.873863780190477,0.09465179451730729,0.19813960169055633,TG O-,TG O-54:1,NA,NA,SPECIES,NA,TG(O-54:1)
TG(O-54:2),-1.0150664936963205,0.3101850966340841,0.43700556583083205,TG O-,TG O-54:2,NA,NA,SPECIES,NA,TG(O-54:2)
TG(O-54:3),-1.6521398192687033,0.1037543679279184,0.2110192219887363,TG O-,TG O-54:3,NA,NA,SPECIES,NA,TG(O-54:3)
TG(O-54:4),-1.4576607487636561,0.13569511867849457,0.25314158346574334,TG O-,TG O-54:4,NA,NA,SPECIES,NA,TG(O-54:4)
TG(O-54:5),-1.361583138143795,0.16487260646866428,0.2895976626608681,TG O-,TG O-54:5,NA,NA,SPECIES,NA,TG(O-54:5)
TG(O-54:6),-1.278520560994096,0.1975494198437679,0.32583608577889767,TG O-,TG O-54:6,NA,NA,SPECIES,NA,TG(O-54:6)
TG(O-56:2),-1.8039136614615703,0.19399737108072684,0.3229310084759176,TG O-,TG O-56:2,NA,NA,SPECIES,NA,TG(O-56:2)
TG(O-56:3),-1.5949803683439479,0.16872950119056834,0.2935133766691237,TG O-,TG O-56:3,NA,NA,SPECIES,NA,TG(O-56:3)
TG(O-56:4),-1.7193482578629014,0.24209734862771617,0.3648319376256113,TG O-,TG O-56:4,NA,NA,SPECIES,NA,TG(O-56:4)
TG(O-56:5),-1.1181426248577933,0.4525126121179244,0.5640767814649703,TG O-,TG O-56:5,NA,NA,SPECIES,NA,TG(O-56:5)
TG(O-56:6),-1.2013088147631752,0.25397211953784393,0.3764353881369139,TG O-,TG O-56:6,NA,NA,SPECIES,NA,TG(O-56:6)
TG(O-56:7),-1.196210885126845,0.22140908065845435,0.34914462696841164,TG O-,TG O-56:7,NA,NA,SPECIES,NA,TG(O-56:7)
TG(O-58:5),-2.2934055993882585,0.2368573001826113,0.3640335210192975,TG O-,TG O-58:5,NA,NA,SPECIES,NA,TG(O-58:5)
TG(O-58:6),-0.31149546039218845,0.46020746388760203,0.5669617673479824,TG O-,TG O-58:6,NA,NA,SPECIES,NA,TG(O-58:6)
TG(O-58:7),-0.9336845485191251,0.3152041062608198,0.4417757033344651,TG O-,TG O-58:7,NA,NA,SPECIES,NA,TG(O-58:7)
